Bib,Name,Country,Gender,Division,Division Rank,Overall Time,Overall Rank,Swim Time,Swim Rank,Bike Time,Bike Rank,Run Time,Run Rank,Finish Status
816,Grant Tyrrell,New Zealand,Male,M45-49,99999,99999,99999,99999,99999,99999,99999,99999,99999,DNS
897,Babu Kumaran,Canada,Male,M35-39,99999,99999,99999,99999,99999,99999,99999,99999,99999,DQ
525,Ross Thompson,Canada,Male,M65-69,99999,99999,99999,99999,99999,99999,99999,99999,99999,DNS
722,Allison Gavin,Canada,Female,F40-44,99999,99999,99999,99999,99999,99999,99999,99999,99999,DNS
757,Brittany Croston,Canada,Female,F30-34,99999,99999,99999,99999,99999,99999,99999,99999,99999,DQ
629,Carter Nelson,Canada,Male,M18-24,99999,99999,99999,99999,99999,99999,99999,99999,99999,DNS
126,Patrick Duff,South Africa,Male,M50-54,99999,99999,99999,99999,99999,99999,99999,99999,99999,DNS
386,Nicole Coulombe,Canada,Female,F50-54,99999,99999,99999,99999,99999,99999,99999,99999,99999,DNF
292,Kathryn Webster,Canada,Female,F25-29,99999,99999,99999,99999,99999,28271,873,99999,99999,DNF
787,Jacob Motzny,United States,Male,M30-34,99999,99999,99999,99999,99999,99999,99999,99999,99999,DNF
835,Soonman Baek,United States,Male,M55-59,99999,99999,99999,99999,99999,29268,914,99999,99999,DNF
718,Richard Dreger,Canada,Male,M40-44,99999,99999,99999,99999,99999,99999,99999,99999,99999,DNS
500,Nerissa Smith,Canada,Female,F45-49,99999,99999,99999,99999,99999,28053,863,99999,99999,DNF
345,Stephen Grady,Canada,Male,M65-69,99999,99999,99999,99999,99999,99999,99999,99999,99999,DNS
726,Patrick Mckibbin,Canada,Male,M35-39,99999,99999,99999,99999,99999,99999,99999,99999,99999,DNS
437,Catiana Brayton,United States,Female,F45-49,99999,99999,99999,99999,99999,25750,700,99999,99999,DNF
586,Chris Strongman,Canada,Male,M50-54,99999,99999,99999,99999,99999,99999,99999,99999,99999,DNS
305,Brent Geen,Canada,Male,M60-64,99999,99999,99999,99999,99999,29642,923,99999,99999,DNF
34,Christine Massey,United States,Female,FPRO,99999,99999,99999,99999,99999,22259,267,99999,99999,DNF
940,Bruce Handcock,Canada,Male,M75-79,99999,99999,99999,99999,99999,99999,99999,99999,99999,DNS
670,Jason Kachel,United States,Male,M45-49,99999,99999,99999,99999,99999,99999,99999,99999,99999,DNS
902,Katelin Ditner,Canada,Female,F25-29,99999,99999,99999,99999,99999,99999,99999,99999,99999,DNS
227,Anton Poburko,Canada,Male,M18-24,99999,99999,99999,99999,99999,99999,99999,99999,99999,DNF
276,Dick Ensslen,Canada,Male,M80-84,99999,99999,99999,99999,99999,99999,99999,99999,99999,DNS
727,Mattew Hartwell,United Kingdom,Male,M35-39,99999,99999,99999,99999,99999,25486,674,99999,99999,DNF
414,Matt Broadhurst,Canada,Male,M45-49,99999,99999,99999,99999,99999,23719,454,99999,99999,DNF
1117,Petra Frost,Canada,Female,F50-54,99999,99999,99999,99999,99999,99999,99999,99999,99999,DNS
968,John Hagey,United States,Male,M25-29,99999,99999,99999,99999,99999,99999,99999,99999,99999,DNF
1108,Shinnosuke Noda,Japan,Male,M30-34,99999,99999,99999,99999,99999,99999,99999,99999,99999,DNF
425,Kim Lewis,Canada,Female,F50-54,99999,99999,99999,99999,99999,20111,90,99999,99999,DNF
43,Brittany Vocke,United States,Female,FPRO,99999,99999,99999,99999,99999,99999,99999,99999,99999,DNS
541,Mark Nemethy,Canada,Male,M60-64,99999,99999,99999,99999,99999,32130,959,99999,99999,DNF
959,Erin Widmyer,United States,Female,F35-39,99999,99999,99999,99999,99999,28993,903,15866,254,DNF
1072,Kyle Aitken,United States,Male,M25-29,99999,99999,99999,99999,99999,26220,732,99999,99999,DNF
1007,Andrea Gardiner,Canada,Female,F60-64,99999,99999,99999,99999,99999,99999,99999,99999,99999,DNF
980,Frederic Pio,Canada,Male,M65-69,99999,99999,99999,99999,99999,99999,99999,99999,99999,DNF
543,Bradlyn Oakes,Canada,Female,F30-34,99999,99999,99999,99999,99999,99999,99999,99999,99999,DNS
381,Mike Wood,Canada,Male,M60-64,99999,99999,99999,99999,99999,31580,955,99999,99999,DNF
936,Klevin Broska,Greece,Male,M25-29,99999,99999,99999,99999,99999,99999,99999,99999,99999,DQ
503,Fred Robinson,United States,Male,M50-54,99999,99999,99999,99999,99999,21403,184,99999,99999,DNF
588,Hendri-Charl Eksteen,South Africa,Male,M35-39,99999,99999,99999,99999,99999,20177,95,99999,99999,DNF
415,Javy Lambright,Canada,Female,F50-54,99999,99999,99999,99999,99999,99999,99999,99999,99999,DNS
16,Mikael Staer Nathan,Canada,Male,MPRO,99999,99999,99999,99999,99999,99999,99999,99999,99999,DNS
628,Athena Quitevis,Canada,Female,F60-64,99999,99999,99999,99999,99999,99999,99999,99999,99999,DNF
502,Sophia Tampakis,United States,Female,F30-34,99999,99999,99999,99999,99999,99999,99999,99999,99999,DNF
357,Spencer Fraser,Canada,Male,M30-34,99999,99999,99999,99999,99999,36667,960,99999,99999,DNF
1012,Chris Milner,Canada,Male,M30-34,99999,99999,99999,99999,99999,25091,635,99999,99999,DNF
33,Jessica Turanec,Canada,Female,FPRO,99999,99999,99999,99999,99999,99999,99999,99999,99999,DNF
271,Sean Crawford,Canada,Male,M18-24,99999,99999,99999,99999,99999,99999,99999,99999,99999,DNS
11,Domenico Passuello,Italy,Male,MPRO,99999,99999,99999,99999,99999,99999,99999,99999,99999,DNS
380,Douglas Fraga Falcao,Brazil,Male,M40-44,99999,99999,99999,99999,99999,99999,99999,99999,99999,DNF
282,Rita Somerton,United States,Female,F65-69,99999,99999,99999,99999,99999,99999,99999,99999,99999,DNS
146,Shelby Lehmann,Canada,Female,F18-24,99999,99999,99999,99999,99999,99999,99999,99999,99999,DNF
1118,Yuk Chan,Canada,Male,M30-34,99999,99999,99999,99999,99999,99999,99999,99999,99999,DNF
1067,Andrew Ellis,Canada,Male,M30-34,99999,99999,99999,99999,99999,27172,809,99999,99999,DNF
1099,Madison Dahl,Canada,Female,F35-39,99999,99999,99999,99999,99999,99999,99999,99999,99999,DNS
1055,Karli Blodnick,United States,Female,F35-39,99999,99999,99999,99999,99999,99999,99999,99999,99999,DNF
636,Steve Hogg,Canada,Male,M65-69,99999,99999,99999,99999,99999,27808,848,99999,99999,DNF
472,Mark Nagy,Canada,Male,M60-64,99999,99999,99999,99999,99999,28837,893,99999,99999,DNF
382,Christina Sands,Canada,Female,F40-44,99999,99999,99999,99999,99999,99999,99999,99999,99999,DNF
702,Terry Booth,Canada,Male,M60-64,99999,99999,99999,99999,99999,28869,895,99999,99999,DNF
660,Ikuo Nagashima,Japan,Male,M70-74,99999,99999,99999,99999,99999,31262,952,99999,99999,DNF
486,Tyler Johnston,Canada,Male,M40-44,99999,99999,99999,99999,99999,99999,99999,99999,99999,DNS
799,Mark Studzinski,Canada,Male,M35-39,99999,99999,99999,99999,99999,19772,76,99999,99999,DNF
540,Dan Rose,United States,Male,M45-49,99999,99999,99999,99999,99999,28143,870,99999,99999,DNF
674,Jeannifer Gobeil,Canada,Female,F45-49,99999,99999,99999,99999,99999,99999,99999,99999,99999,DNF
1199,Marnie Walter,Canada,Female,F50-54,99999,99999,99999,99999,99999,99999,99999,99999,99999,DNS
732,Vladimir Bugay,Cyprus,Male,M45-49,99999,99999,99999,99999,99999,99999,99999,99999,99999,DQ
669,Liviu Andrei,Canada,Male,M45-49,99999,99999,99999,99999,99999,99999,99999,99999,99999,DNF
985,Tiiu Mclim,Canada,Female,F45-49,99999,99999,99999,99999,99999,99999,99999,99999,99999,DNF
117,Shane Burgess,Canada,Male,M50-54,99999,99999,99999,99999,99999,99999,99999,99999,99999,DNS
383,James Hunter,Canada,Male,M60-64,99999,99999,99999,99999,99999,99999,99999,99999,99999,DNF
480,Ryan Normand,Canada,Male,M40-44,99999,99999,99999,99999,99999,99999,99999,99999,99999,DNF
972,David Lee,Canada,Male,M60-64,99999,99999,99999,99999,99999,99999,99999,99999,99999,DNF
524,Maurice Duteau,Canada,Male,M60-64,99999,99999,99999,99999,99999,99999,99999,99999,99999,DNS
39,Camille Deligny,France,Female,FPRO,99999,99999,99999,99999,99999,18762,44,99999,99999,DNF
1050,Keane Haesle,United States,Male,M18-24,99999,99999,99999,99999,99999,99999,99999,99999,99999,DNF
1010,Clint Gaspard,Canada,Male,M45-49,99999,99999,99999,99999,99999,24502,576,99999,99999,DNF
977,Emily Hall,United States,Female,F40-44,99999,99999,99999,99999,99999,99999,99999,99999,99999,DNF
297,Meredith Stumpo,United States,Female,F50-54,99999,99999,99999,99999,99999,24446,568,99999,99999,DNF
761,Hiroshi Komatsu,Japan,Male,M45-49,99999,99999,99999,99999,99999,99999,99999,99999,99999,DNS
960,Rory O'Brien,Canada,Male,M30-34,99999,99999,99999,99999,99999,99999,99999,99999,99999,DNF
125,Shaan Hooey,Canada,Male,M18-24,99999,99999,99999,99999,99999,99999,99999,99999,99999,DNS
1101,Michael Welsh,Canada,Male,M70-74,99999,99999,99999,99999,99999,99999,99999,99999,99999,DNS
882,Alexander Griffen,United States,Male,M40-44,99999,99999,99999,99999,99999,22039,246,99999,99999,DNF
295,Jennifer James,Canada,Female,F45-49,99999,99999,99999,99999,99999,99999,99999,99999,99999,DNF
983,Jeffrey Maxwell,Canada,Male,M60-64,99999,99999,99999,99999,99999,99999,99999,99999,99999,DNF
667,Marcus Zimmermann,Canada,Male,M25-29,99999,99999,99999,99999,99999,99999,99999,99999,99999,DNF
3229,Ann Graham,United States,Female,F35-39,99999,99999,99999,99999,99999,99999,99999,99999,99999,DNS
441,Jen Geddes,Canada,Female,F40-44,99999,99999,99999,99999,99999,27468,829,99999,99999,DNF
626,Andy Rosenman,United States,Male,M55-59,99999,99999,99999,99999,99999,24762,600,16232,292,DNF
17,Jackson Konkin,Canada,Male,MPRO,99999,99999,99999,99999,99999,18703,42,99999,99999,DNF
290,Drew Doll,United States,Male,M70-74,99999,99999,99999,99999,99999,99999,99999,99999,99999,DNS
912,Daniel Mccoy,United States,Male,M60-64,99999,99999,99999,99999,99999,99999,99999,99999,99999,DNF
423,Tom Pallas,Canada,Male,M50-54,99999,99999,99999,99999,99999,20719,135,99999,99999,DNF
511,Omer Khakwany,United States,Male,M50-54,99999,99999,99999,99999,99999,23730,456,99999,99999,DNF
161,Marshall Kronewitt,Canada,Male,M50-54,99999,99999,99999,99999,99999,22765,336,99999,99999,DNF
557,Aaron Losness,Colombia,Male,M50-54,99999,99999,99999,99999,99999,99999,99999,99999,99999,DNF
342,Gordon Slemko,Canada,Male,M50-54,99999,99999,99999,99999,99999,21439,188,99999,99999,DNF
656,Bruce Zimmermann,Canada,Male,M60-64,99999,99999,99999,99999,99999,31470,953,99999,99999,DNF
689,Scott Humphreys,United States,Male,M40-44,99999,99999,99999,99999,99999,99999,99999,99999,99999,DNS
1000,Annikki Peterson,United States,Female,F30-34,99999,99999,99999,99999,99999,26802,789,99999,99999,DNF
1073,Sue Leighton,Canada,Female,F65-69,99999,99999,99999,99999,99999,99999,99999,99999,99999,DNS
1063,Ava Peacock,Canada,Female,F18-24,99999,99999,99999,99999,99999,99999,99999,99999,99999,DNS
949,Sheena Harris,Canada,Female,F45-49,99999,99999,99999,99999,99999,99999,99999,99999,99999,DNS
1048,Mark Kover,Canada,Male,M50-54,99999,99999,99999,99999,99999,99999,99999,99999,99999,DNS
1,Lionel Sanders,Canada,Male,MPRO,99999,25029,1,99999,99999,14947,1,9952,2,FIN
3,Sam Appleton,Australia,Male,MPRO,99999,25537,2,99999,99999,15572,2,9871,1,FIN
5,Jason Pohl,Canada,Male,MPRO,99999,26144,3,99999,99999,15789,3,10234,5,FIN
4,Cody Beals,Canada,Male,MPRO,99999,26268,4,99999,99999,16039,4,10149,3,FIN
19,Adam Feigh,United States,Male,MPRO,99999,26453,5,99999,99999,16154,5,10203,4,FIN
7,Joshua Monda,United States,Male,MPRO,99999,26712,6,99999,99999,16352,7,10258,6,FIN
15,Eric Lauricella,United States,Male,MPRO,99999,26786,7,99999,99999,16439,9,10268,7,FIN
1096,Zachary Bernier-Michaud,Canada,Male,M18-24,1,26807,8,99999,99999,16316,6,10362,8,FIN
18,Jameson Plewes,Canada,Male,MPRO,99999,27290,9,99999,99999,16503,12,10673,11,FIN
13,Robby Webster,United States,Male,MPRO,99999,27350,10,99999,99999,16752,14,10500,9,FIN
1034,Nicholas Thomas,Canada,Male,M30-34,1,27736,11,99999,99999,16455,11,11173,17,FIN
8,Garrick Loewen,Canada,Male,MPRO,99999,27821,12,99999,99999,16772,15,10880,13,FIN
6,Ben Stern,United States,Male,MPRO,99999,28168,13,99999,99999,16436,8,11586,31,FIN
12,Jon Fecik,United States,Male,MPRO,99999,28185,14,99999,99999,16443,10,11575,29,FIN
25,Sarah True,United States,Female,FPRO,99999,28349,15,99999,99999,17586,18,10673,12,FIN
30,Jodie Robertson,United States,Female,FPRO,99999,28778,16,99999,99999,17439,17,11208,20,FIN
21,Jayden Kuijpers,New Zealand,Male,MPRO,99999,28835,17,99999,99999,17142,16,11597,32,FIN
879,Kevin Ahl,Canada,Male,M25-29,1,28979,18,99999,99999,17635,20,11217,21,FIN
1030,Julien Forgeois,Canada,Male,M30-34,2,28995,19,99999,99999,18249,32,10555,10,FIN
41,Deborah Eckhouse,Canada,Female,FPRO,99999,29059,20,99999,99999,17727,22,11184,19,FIN
36,Danielle Fauteux,Canada,Female,FPRO,99999,29367,21,99999,99999,17772,25,11508,25,FIN
14,Nathan Cohen,United States,Male,MPRO,99999,29396,22,99999,99999,17761,24,11575,30,FIN
850,Bryan Rusche,Canada,Male,M45-49,1,29489,23,99999,99999,18366,34,11008,15,FIN
29,Jen Annett,Canada,Female,FPRO,99999,29600,24,99999,99999,18066,29,11451,24,FIN
38,Mollie Hebda,United States,Female,FPRO,99999,29812,25,99999,99999,18592,40,11085,16,FIN
209,Anthony Toth,Canada,Male,M40-44,1,29856,26,99999,99999,17645,21,12064,37,FIN
221,Lishan Sharples,Canada,Male,M35-39,1,30087,27,99999,99999,18410,37,11519,26,FIN
28,Meredith Hill,Australia,Female,FPRO,99999,30099,28,99999,99999,18399,36,11563,28,FIN
172,Eric Roy,Canada,Male,M50-54,1,30165,29,99999,99999,17808,26,11970,34,FIN
26,Rach Mcbride,Canada,Female,FPRO,99999,30166,30,99999,99999,18089,30,12002,36,FIN
37,Rebecca Kawaoka,United States,Female,FPRO,99999,30239,31,99999,99999,19174,58,10963,14,FIN
9,Simon Shi,United States,Male,MPRO,99999,30328,32,99999,99999,16687,13,13400,88,FIN
257,Andy Orton,United Kingdom,Male,M45-49,2,30374,33,99999,99999,17728,23,12503,48,FIN
200,Elliot Kawaoka,United States,Male,M35-39,2,30387,34,99999,99999,18894,49,11309,22,FIN
44,Brianna Troksa,United States,Female,FPRO,99999,30562,35,99999,99999,18916,50,11520,27,FIN
620,Michael Ogloff,Canada,Male,M35-39,3,30565,36,99999,99999,18345,33,12069,38,FIN
264,Nathan Stringer,Canada,Male,M18-24,2,30623,37,99999,99999,19275,61,11178,18,FIN
2,Jeff Symonds,Canada,Male,MPRO,99999,30656,38,99999,99999,17631,19,12901,62,FIN
27,Melanie Mcquaid,Canada,Female,FPRO,99999,30820,39,99999,99999,18055,28,12661,53,FIN
40,Meredith Kessler,United States,Female,FPRO,99999,30865,40,99999,99999,18484,38,12266,43,FIN
225,Scott Miller,Canada,Male,M40-44,2,30882,41,99999,99999,18378,35,12371,44,FIN
509,Emily Bugoy,Canada,Female,F35-39,1,31181,42,99999,99999,18830,45,12166,39,FIN
373,Xander Sahin,United States,Male,M18-24,3,31745,43,99999,99999,19093,54,12497,47,FIN
627,Nathan Murray,Canada,Male,M45-49,3,31764,44,99999,99999,18689,41,12945,63,FIN
570,Mark Maguire,United States,Male,M30-34,3,32061,45,99999,99999,19908,81,11961,33,FIN
649,Facundo Chernikoff,Canada,Male,M40-44,3,32076,46,99999,99999,19593,70,12251,42,FIN
169,Geoffrey King,Australia,Male,M40-44,4,32132,47,99999,99999,19130,56,12807,59,FIN
32,Olivia Dietzel,United States,Female,FPRO,99999,32173,48,99999,99999,20579,124,11408,23,FIN
31,Hannah Sakaluk,United States,Female,FPRO,99999,32217,49,99999,99999,19380,64,12716,56,FIN
185,Lyle Davies,Canada,Male,M40-44,5,32268,50,99999,99999,18881,47,13197,77,FIN
973,Scott Tremblay,Canada,Male,M50-54,2,32293,51,99999,99999,18974,51,13091,71,FIN
683,Chris Foster,Canada,Male,M30-34,4,32315,52,99999,99999,20017,87,12199,41,FIN
220,Geoff Lheureux,United States,Male,M40-44,6,32364,53,99999,99999,19145,57,13053,70,FIN
42,Chelsea Bingham,United States,Female,FPRO,99999,32373,54,99999,99999,19646,71,12539,49,FIN
197,Kaden Katelnikoff,Canada,Male,M18-24,4,32652,55,99999,99999,18873,46,13530,97,FIN
665,Linus Pagusara,Philippines,Male,M35-39,4,32757,56,99999,99999,19857,78,12698,54,FIN
823,Andrew Pool,Canada,Male,M30-34,5,32759,57,99999,99999,19861,80,12713,55,FIN
556,Karrie Stewart,United States,Female,F35-39,2,32782,58,99999,99999,19088,53,13403,89,FIN
643,Cassie Macrae,Canada,Female,F35-39,3,32786,59,99999,99999,19858,79,12628,51,FIN
821,Matthew Engle,United States,Male,M35-39,5,32902,60,99999,99999,19550,69,13222,78,FIN
213,David Cook,United States,Male,M50-54,3,32977,61,99999,99999,19752,75,12976,66,FIN
478,Dallas Cain,Canada,Male,M45-49,4,33080,62,99999,99999,18517,39,14383,141,FIN
1065,Victor Fournelle-Blain,Canada,Male,M35-39,6,33134,63,99999,99999,18160,31,14712,154,FIN
339,Matteo Laratta,Canada,Male,M18-24,5,33156,64,99999,99999,19111,55,13898,118,FIN
1062,Luis Marcos Gallardo,Mexico,Male,M35-39,7,33258,65,99999,99999,18890,48,14177,131,FIN
625,Conway Nelson,Canada,Male,M45-49,5,33315,66,99999,99999,19006,52,14159,128,FIN
201,Brad Macleod,Canada,Male,M50-54,4,33356,67,99999,99999,19470,66,13755,110,FIN
984,Tyler Chuang,Canada,Male,M30-34,6,33481,68,99999,99999,20328,103,12952,64,FIN
567,Ludo Ros,France,Male,M40-44,7,33500,69,99999,99999,19452,65,13777,112,FIN
424,Brent Cyr,Canada,Male,M50-54,5,33506,70,99999,99999,20524,119,12733,57,FIN
148,Vincent Jaud,France,Male,M50-54,6,33527,71,99999,99999,19738,74,13536,98,FIN
159,Christina Case,United States,Female,F40-44,1,33532,72,99999,99999,20336,104,13009,67,FIN
353,Maren Barros,Canada,Female,F45-49,1,33590,73,99999,99999,20437,111,12967,65,FIN
429,Kenneth Lechelt,Canada,Male,M30-34,7,33638,74,99999,99999,20167,93,13107,72,FIN
1103,Jamie Zucker,Canada,Male,M18-24,6,33748,75,99999,99999,21293,172,12170,40,FIN
356,Tyler Sinden,Canada,Male,M30-34,8,33781,76,99999,99999,20206,96,13389,87,FIN
647,Emilio Mateo,United States,Male,M30-34,9,33879,77,99999,99999,20736,138,12739,58,FIN
530,Donald Pawloski,United States,Male,M40-44,8,33895,78,99999,99999,19991,85,13776,111,FIN
814,Laurel Richardson,Canada,Female,F35-39,4,33919,79,99999,99999,21307,174,12434,45,FIN
156,Marc Garon,Canada,Male,M35-39,8,33928,80,99999,99999,19730,73,13989,125,FIN
443,Geoffrey Helluin,France,Male,M30-34,10,33975,81,99999,99999,19264,60,14529,147,FIN
846,Thomas Cuvillier,United States,Male,M18-24,7,33983,82,99999,99999,20141,91,13424,90,FIN
431,Max Kam,Hong Kong,Male,M35-39,9,34003,83,99999,99999,20531,120,13289,80,FIN
769,Tom Gouldstone,Canada,Male,M40-44,9,34011,84,99999,99999,20243,98,13547,99,FIN
306,Eric Beaudoin,Canada,Male,M45-49,6,34032,85,99999,99999,20536,123,13296,81,FIN
198,Cailla Patterson,Canada,Female,F50-54,1,34128,86,99999,99999,21382,182,12588,50,FIN
822,Xiaobing Li,China,Male,M40-44,10,34140,87,99999,99999,20420,109,13525,96,FIN
1085,Richard Brown,Canada,Male,M30-34,11,34191,88,99999,99999,21027,156,13026,69,FIN
191,Jeffrey Sload,United States,Male,M25-29,2,34210,89,99999,99999,20498,118,13514,95,FIN
898,John Clubb,Canada,Male,M55-59,1,34266,90,99999,99999,20948,147,13128,74,FIN
859,Brett Henderson,Canada,Male,M45-49,7,34281,91,99999,99999,20309,100,13836,117,FIN
35,Amy Vantassel,United States,Female,FPRO,99999,34281,92,99999,99999,21686,213,12477,46,FIN
504,Dawn Neal,Canada,Female,F40-44,2,34296,93,99999,99999,22115,252,11995,35,FIN
1036,Colton Zayshley,Canada,Male,M25-29,3,34341,94,99999,99999,20712,134,13374,83,FIN
1009,Christopher Yee,Canada,Male,M35-39,10,34349,95,99999,99999,21344,176,12867,61,FIN
219,Jorge Ramiro Ramallo,Argentina,Male,M45-49,8,34402,96,99999,99999,19254,59,15022,178,FIN
253,Katherine Thompson,United States,Female,F30-34,1,34443,97,99999,99999,20876,144,13377,84,FIN
168,Jonathan Pesansky,United States,Male,M50-54,7,34564,98,99999,99999,19968,83,14297,134,FIN
991,Daniel Galts,Canada,Male,M30-34,12,34572,99,99999,99999,21557,200,12643,52,FIN
1071,Mitch Crisanti,Canada,Male,M30-34,13,34701,100,99999,99999,20645,128,13819,116,FIN
810,Caden Blaser,United States,Male,M18-24,8,34704,101,99999,99999,20534,121,13816,115,FIN
446,Andre Lessard,Canada,Male,M35-39,11,34717,102,99999,99999,20605,125,13714,106,FIN
20,Carson Mccomb,Canada,Male,MPRO,99999,34796,103,99999,99999,19698,72,14955,173,FIN
184,Dave Ramsay,Canada,Male,M60-64,1,34839,104,99999,99999,19342,63,15136,183,FIN
1027,Cody Gordon,Canada,Male,M30-34,14,34888,105,99999,99999,19784,77,14788,161,FIN
880,Kory Mcsorley,Canada,Male,M25-29,4,34933,106,99999,99999,20357,106,14159,129,FIN
672,Jon Greyell,Canada,Male,M50-54,8,34934,107,99999,99999,17825,27,16799,344,FIN
233,Nicholai Reid,Canada,Male,M30-34,15,34940,108,99999,99999,21632,207,13113,73,FIN
440,Barry Berg,Canada,Male,M55-59,2,34983,109,99999,99999,19953,82,14799,162,FIN
547,Brett Moore,Canada,Male,M35-39,12,35011,110,99999,99999,20613,126,13907,120,FIN
366,Andrew Ha,Canada,Male,M40-44,11,35012,111,99999,99999,21058,161,13585,100,FIN
812,Johanna Hudson,Canada,Female,F45-49,2,35068,112,99999,99999,21270,169,13596,102,FIN
602,Jaden Tupper,Canada,Male,M25-29,5,35083,113,99999,99999,21029,157,13740,109,FIN
843,Guillaume Martel-Lamarre,Canada,Male,M25-29,6,35092,114,99999,99999,21233,168,13380,85,FIN
795,Harper Forbes,Canada,Male,M50-54,9,35098,115,99999,99999,20323,101,14542,149,FIN
1080,Michael Slatnik,Canada,Male,M40-44,12,35121,116,99999,99999,20856,143,13785,113,FIN
484,Lee Albrecht,United States,Male,M40-44,13,35197,117,99999,99999,20625,127,14376,139,FIN
747,Anne Charles,Canada,Female,F30-34,2,35232,118,99999,99999,21217,167,13719,107,FIN
908,Matthew Warden,United States,Male,M35-39,13,35237,119,99999,99999,20485,117,14539,148,FIN
690,Holly Goodman,United States,Female,F30-34,3,35301,120,99999,99999,21394,183,13614,103,FIN
216,Maikol Cerda,Chile,Male,M35-39,14,35311,121,99999,99999,19514,67,15532,220,FIN
171,Ashley Hill,United States,Female,F40-44,3,35349,122,99999,99999,22010,244,13183,76,FIN
911,Samuel Tomkins,Canada,Male,M25-29,7,35397,123,99999,99999,20363,107,14821,164,FIN
460,Jeffrey Harless,United States,Male,M40-44,14,35439,124,99999,99999,20327,102,14986,175,FIN
772,Mark Hamilton,United States,Male,M35-39,15,35446,125,99999,99999,20771,141,14225,132,FIN
409,Ian Ertzinger,Canada,Male,M18-24,9,35506,126,99999,99999,20764,140,14457,144,FIN
778,Claire Knight,Canada,Female,F45-49,3,35573,127,99999,99999,21303,173,13946,122,FIN
745,Jeremy Sagnier,France,Male,M25-29,8,35591,128,99999,99999,21473,190,13792,114,FIN
346,Samuel Lazar,Canada,Male,M45-49,9,35592,129,99999,99999,20299,99,15091,180,FIN
1051,Spencer Bourne,Canada,Male,M35-39,16,35614,130,99999,99999,21496,193,13904,119,FIN
318,Matthew Aspden,Canada,Male,M35-39,17,35635,131,99999,99999,21702,214,13496,93,FIN
521,Tk Katelnikoff,Canada,Male,M55-59,3,35724,132,99999,99999,20459,113,14893,169,FIN
966,Carla Parsons,Canada,Female,F40-44,4,35759,133,99999,99999,22329,278,13233,79,FIN
797,Eric Maercklein,United States,Male,M60-64,2,35767,134,99999,99999,20705,133,14739,156,FIN
802,Ilya Ganelin,Canada,Male,M40-44,15,35787,135,99999,99999,22297,274,13155,75,FIN
207,Sebastien Ros,France,Male,M45-49,10,35834,136,99999,99999,20022,88,15547,221,FIN
343,Kyray Falk,Canada,Male,M25-29,9,35847,137,99999,99999,22010,245,13594,101,FIN
526,Evan Katelnikoff,Canada,Male,M25-29,10,35867,138,99999,99999,20443,112,15122,182,FIN
752,Stephanie Go,United States,Female,F35-39,5,35870,139,99999,99999,21762,219,13911,121,FIN
900,Adam Attia,Canada,Male,M35-39,18,35942,140,99999,99999,22387,286,13333,82,FIN
896,Lucy Eykamp,Canada,Female,F45-49,4,36114,141,99999,99999,21893,229,14047,126,FIN
808,David Hopper,United States,Male,M55-59,4,36121,142,99999,99999,20385,108,15284,192,FIN
976,Justin Lange,United States,Male,M35-39,19,36125,143,99999,99999,20223,97,15521,215,FIN
418,Talat Gundogdu,Canada,Male,M35-39,20,36136,144,99999,99999,21577,203,14297,135,FIN
187,Sherilyn Vincent,Canada,Female,F50-54,2,36190,145,99999,99999,21420,187,14522,146,FIN
155,Drew Kuzminski,Canada,Male,M40-44,16,36194,146,99999,99999,20980,150,15021,177,FIN
355,Bruce Yoshida,Canada,Male,M50-54,10,36260,147,99999,99999,20468,115,15500,214,FIN
750,Timothy Nealon,United States,Male,M40-44,17,36370,148,99999,99999,20790,142,15257,189,FIN
192,Cheree Shelton,United States,Female,F35-39,6,36395,149,99999,99999,21594,205,14564,150,FIN
479,Alexy Guérin,Canada,Male,M18-24,10,36397,150,99999,99999,21015,153,15115,181,FIN
893,Zac Segger,Canada,Male,M25-29,11,36422,151,99999,99999,22411,292,13678,104,FIN
737,Ivor John,Canada,Male,M50-54,11,36441,152,99999,99999,19977,84,16331,303,FIN
232,Damien Charette,Canada,Male,M25-29,12,36485,153,99999,99999,20170,94,16138,287,FIN
334,Wyatt Anton,Canada,Male,M40-44,18,36505,154,99999,99999,20698,132,15398,203,FIN
828,Charles Cobbs,United States,Male,M60-64,3,36507,155,99999,99999,21369,180,14865,166,FIN
438,Kirsten Verner,Canada,Female,F45-49,5,36512,156,99999,99999,22681,326,13498,94,FIN
235,Devin Mcnichol,United States,Male,M35-39,21,36537,157,99999,99999,21359,177,14724,155,FIN
770,Charlotte Martin,France,Female,F30-34,4,36544,158,99999,99999,22673,325,13693,105,FIN
832,Chris Sprague,United States,Male,M45-49,11,36569,159,99999,99999,20427,110,15893,260,FIN
224,Sarah Latonas,Canada,Female,F35-39,7,36581,160,99999,99999,21852,226,14339,136,FIN
684,Paul Register,United States,Male,M25-29,13,36603,161,99999,99999,20890,146,15416,205,FIN
1052,Benjamin Bergstrom,United States,Male,M35-39,22,36648,162,99999,99999,22847,349,13386,86,FIN
1061,Damien Terry,Canada,Male,M25-29,14,36706,163,99999,99999,20665,130,15757,243,FIN
818,Nina Dauvergne,Canada,Female,F25-29,1,36823,164,99999,99999,22278,270,13984,124,FIN
158,Robert Zelisko,Canada,Male,M50-54,12,36840,165,99999,99999,22421,294,14138,127,FIN
465,Nicholas Woodhull,United States,Male,M18-24,11,36936,166,99999,99999,21474,191,14884,168,FIN
771,Matthew Hamilton,United States,Male,M30-34,16,36939,167,99999,99999,22737,331,13719,108,FIN
329,Andres Hernandez,United States,Male,M35-39,23,36961,168,99999,99999,21510,194,15141,184,FIN
825,Colin Jones,Canada,Male,M30-34,17,36985,169,99999,99999,21977,241,14415,142,FIN
582,Peter Jones,Canada,Male,M35-39,24,37038,170,99999,99999,21589,204,15213,186,FIN
678,Adam Thalhofer,United States,Male,M30-34,18,37039,171,99999,99999,21062,162,15714,241,FIN
610,Jeffrey Dwight,United States,Male,M45-49,12,37067,172,99999,99999,21049,159,15724,242,FIN
505,Kent Tilley,Canada,Male,M55-59,5,37122,173,99999,99999,21452,189,15449,208,FIN
365,Ray Betuzzi,Canada,Male,M35-39,25,37142,174,99999,99999,23353,411,13452,92,FIN
473,Jon Hillier,Canada,Male,M35-39,26,37160,175,99999,99999,21174,165,15409,204,FIN
827,Darrell Spracklin,Canada,Male,M40-44,19,37192,176,99999,99999,20534,122,16465,311,FIN
215,Rachel Lacek,United States,Female,F30-34,5,37198,177,99999,99999,22579,315,14379,140,FIN
932,Jeanne Soulieres,Canada,Female,F25-29,2,37216,178,99999,99999,22397,290,14501,145,FIN
131,Cody Leibel,Canada,Male,M45-49,13,37232,179,99999,99999,20009,86,16430,309,FIN
376,Patrick Gill,Canada,Male,M45-49,14,37305,180,99999,99999,22979,364,13968,123,FIN
397,Kiefor Ziefflie,Canada,Male,M25-29,15,37312,181,99999,99999,21407,185,15655,234,FIN
658,Nicolas Marchand,Canada,Male,M18-24,12,37333,182,99999,99999,21043,158,15904,261,FIN
444,Stan Colomb,United Kingdom,Male,M35-39,27,37374,183,99999,99999,21939,237,14977,174,FIN
868,Jeremy Couturier,Canada,Male,M25-29,16,37412,184,99999,99999,21925,234,15177,185,FIN
150,Vintler Meinhard,Austria,Male,M40-44,20,37434,185,99999,99999,20959,148,15926,263,FIN
183,Daniel Rodriguez,Colombia,Male,M35-39,28,37465,186,99999,99999,21903,230,15290,194,FIN
229,Robert Welsh,Canada,Male,M55-59,6,37466,187,99999,99999,21533,196,15570,223,FIN
631,Gavin Fujitani,United States,Male,M40-44,21,37472,188,99999,99999,22249,265,14991,176,FIN
719,Alexander Morley,United Kingdom,Male,M30-34,19,37523,189,99999,99999,22135,253,15221,187,FIN
341,Jeremy Harper,Canada,Male,M30-34,20,37572,190,99999,99999,21680,212,15613,227,FIN
1087,Jonas Caruana,Australia,Male,M40-44,22,37585,191,99999,99999,19296,62,17796,472,FIN
715,Jim Lukanich,United States,Male,M65-69,1,37585,192,99999,99999,20722,136,16471,312,FIN
239,Lucy Lim,Canada,Female,F40-44,5,37590,193,99999,99999,21575,201,15629,231,FIN
252,Alex Balt,United States,Male,M18-24,13,37695,194,99999,99999,20747,139,16807,346,FIN
1032,Lok Shun Ko,Canada,Male,M35-39,29,37700,195,99999,99999,18724,43,18778,566,FIN
928,Vanessa Tilson,Canada,Female,F30-34,6,37727,196,99999,99999,21366,178,16192,289,FIN
1093,Geoff Dyment,Canada,Male,M50-54,13,37741,197,99999,99999,21809,224,15364,200,FIN
542,Guillermo Esteves,United States,Male,M40-44,23,37753,198,99999,99999,21009,152,15854,253,FIN
249,Robin Sayed,United States,Female,F55-59,1,37759,199,99999,99999,21989,243,15437,207,FIN
228,Timothy Loomis,United States,Male,M65-69,2,37778,200,99999,99999,20889,145,16594,322,FIN
367,Colin Kershaw,Canada,Male,M50-54,14,37830,201,99999,99999,21805,222,15613,228,FIN
238,Jennifer Gahringer,United States,Female,F40-44,6,37832,202,99999,99999,22196,258,15358,198,FIN
798,Bruno Provencher,Canada,Male,M25-29,17,37838,203,99999,99999,21577,202,15958,267,FIN
941,Chris Girling,Canada,Male,M45-49,15,37840,204,99999,99999,21857,227,15578,224,FIN
436,Karleen Scase,Canada,Female,F45-49,6,37860,205,99999,99999,22716,327,14780,159,FIN
432,Rhys Spencer,Canada,Male,M50-54,15,37893,206,99999,99999,19538,68,18016,492,FIN
970,Yutaro Kanda,Canada,Male,M18-24,14,37922,207,99999,99999,22767,337,14679,152,FIN
826,Huaizhi Li,China,Male,M50-54,16,37959,208,99999,99999,21054,160,16262,295,FIN
363,Andree-Anne Girard,Canada,Female,F35-39,8,37970,209,99999,99999,22353,281,15346,197,FIN
857,Kevin Doherty-Regalia,United States,Male,M30-34,21,37981,210,99999,99999,20482,116,17245,397,FIN
494,Cole Williamson,Canada,Male,M30-34,22,38014,211,99999,99999,22989,367,14762,158,FIN
895,Trevor Fox,United States,Male,M40-44,24,38052,212,99999,99999,22379,283,15430,206,FIN
650,Dominic Esmeralda,Philippines,Male,M35-39,30,38097,213,99999,99999,21983,242,15802,247,FIN
925,Chelsie Readner,Canada,Female,F35-39,9,38121,214,99999,99999,23448,423,14439,143,FIN
842,Julien Hogues,Canada,Male,M30-34,23,38130,215,99999,99999,20668,131,17066,376,FIN
633,Samuel Sutter,Canada,Male,M25-29,18,38135,216,99999,99999,22831,345,14743,157,FIN
807,Zachary Lee,Canada,Male,M40-44,25,38142,217,99999,99999,23405,416,14164,130,FIN
713,Matthew Wright,Canada,Male,M30-34,24,38173,218,99999,99999,22144,254,15820,248,FIN
226,Becky Brookes,United Kingdom,Female,F35-39,10,38176,219,99999,99999,22403,291,15278,191,FIN
569,Jeff Farwell,Canada,Male,M45-49,16,38232,220,99999,99999,21814,225,16104,283,FIN
1020,Shunfan Du,China,Male,M25-29,19,38242,221,99999,99999,21660,211,16368,306,FIN
309,Monty Moreau,Poland,Male,M18-24,15,38288,222,99999,99999,21379,181,16632,327,FIN
950,Joel Klemens,Canada,Male,M25-29,20,38356,223,99999,99999,22274,269,15868,255,FIN
551,Kaylee Dales,Canada,Female,F35-39,11,38412,224,99999,99999,22578,314,15659,235,FIN
205,Frank Shingleton,United States,Male,M45-49,17,38419,225,99999,99999,22561,310,15467,209,FIN
789,Eric Hunter,Canada,Male,M45-49,18,38429,226,99999,99999,22240,262,15882,257,FIN
637,Stacey Murphy,United States,Female,F50-54,3,38435,227,99999,99999,21535,197,16629,325,FIN
837,Nico Van Den Hooff,Canada,Male,M30-34,25,38469,228,99999,99999,21179,166,16900,357,FIN
700,Keith Hertel,United States,Male,M60-64,4,38474,229,99999,99999,21367,179,16787,342,FIN
1017,Richard Mills,Canada,Male,M35-39,31,38476,230,99999,99999,22440,297,15643,233,FIN
905,Trevor Walters,United States,Male,M45-49,19,38477,231,99999,99999,21947,238,15877,256,FIN
962,Kazden Ikehara,United States,Male,M35-39,32,38487,232,99999,99999,22605,318,15550,222,FIN
639,Christoph Koch,Germany,Male,M40-44,26,38510,233,99999,99999,21021,154,17138,386,FIN
792,Wellington Radford,United States,Male,M45-49,20,38540,234,99999,99999,20651,129,17663,459,FIN
820,Manuel Solis,Canada,Male,M35-39,33,38545,235,99999,99999,21659,210,16259,294,FIN
539,Ian Cole,United States,Male,M25-29,21,38551,236,99999,99999,21648,209,16649,331,FIN
698,Phil Moore,Canada,Male,M40-44,27,38560,237,99999,99999,22347,280,16030,277,FIN
116,Erika Lilley,United States,Female,F45-49,7,38561,238,99999,99999,22609,320,15624,230,FIN
337,Jakeob Maltesen,Canada,Male,M25-29,22,38578,239,99999,99999,23340,409,14803,163,FIN
323,Eloise Menard,Canada,Female,F18-24,1,38578,240,99999,99999,23370,412,14894,170,FIN
141,Selina Campbell,Canada,Female,F55-59,2,38602,241,99999,99999,22822,344,15526,217,FIN
1035,Gary Blong,Ireland,Male,M30-34,26,38611,242,99999,99999,24007,501,14252,133,FIN
188,Shelley Wickenheiser,Canada,Female,F50-54,4,38675,243,99999,99999,22336,279,15985,269,FIN
729,James Palamarchuk,Canada,Male,M35-39,34,38680,244,99999,99999,21292,171,17203,393,FIN
1083,William Denis,Canada,Male,M30-34,27,38681,245,99999,99999,21134,164,17353,413,FIN
930,Jim Rooney,Canada,Male,M55-59,7,38715,246,99999,99999,23829,478,14709,153,FIN
236,Daniel Riffe,United States,Male,M35-39,35,38737,247,99999,99999,21545,199,16898,356,FIN
934,Jenn Moller,Canada,Female,F40-44,7,38753,248,99999,99999,25080,632,13431,91,FIN
230,Allan Faulds,Canada,Male,M55-59,8,38760,249,99999,99999,21915,231,16485,313,FIN
815,Allison Johnston,United States,Female,F25-29,3,38768,250,99999,99999,22567,312,16052,281,FIN
585,Kenneth Tang,Canada,Male,M45-49,21,38788,251,99999,99999,22198,259,16313,299,FIN
1022,Christine Ligocki,United States,Female,F40-44,8,38806,252,99999,99999,24051,513,14341,137,FIN
961,Tae Il Yoon,Canada,Male,M35-39,36,38817,253,99999,99999,23161,391,15290,195,FIN
1081,Nolan Dueck,Canada,Male,M35-39,37,38849,254,99999,99999,21514,195,16988,363,FIN
1025,Corey Benbow,Canada,Male,M35-39,38,38864,255,99999,99999,22386,285,16163,288,FIN
469,Jeff Johnson,Canada,Male,M55-59,9,38867,256,99999,99999,20044,89,18295,523,FIN
871,Kim Magnus,Canada,Female,F40-44,9,38892,257,99999,99999,23830,479,14608,151,FIN
748,Maxwell Werner,United States,Male,M18-24,16,38892,258,99999,99999,21025,155,17478,426,FIN
180,Rachel Taylor,Canada,Female,F50-54,5,38896,259,99999,99999,23035,375,15695,238,FIN
199,Jean Paul Poitras,Canada,Male,M55-59,10,38920,260,99999,99999,22607,319,15822,249,FIN
248,Antonny Oliveira,United States,Male,M35-39,39,38945,261,99999,99999,22114,251,16547,320,FIN
756,Ana Garcia,Canada,Female,F30-34,7,38977,262,99999,99999,22995,371,15778,246,FIN
174,Serge Beliveau,Canada,Male,M55-59,11,39008,263,99999,99999,23119,385,15522,216,FIN
247,Allison Snow,United States,Female,F40-44,10,39012,264,99999,99999,22294,273,16546,319,FIN
720,Logan Hanbey,United States,Male,M25-29,23,39015,265,99999,99999,22776,339,15888,258,FIN
189,Erin Fusting,United States,Female,F40-44,11,39067,266,99999,99999,22987,366,15824,250,FIN
920,Jason Weretyk,Canada,Male,M35-39,40,39068,267,99999,99999,23738,459,14866,167,FIN
953,Steven Chan,Canada,Male,M35-39,41,39079,268,99999,99999,21791,220,16602,324,FIN
375,Debbie Davidson,Canada,Female,F40-44,12,39100,269,99999,99999,25721,698,12839,60,FIN
194,Johnson Phan,Canada,Male,M30-34,28,39111,270,99999,99999,22759,334,15954,265,FIN
954,Michael Pow,United States,Male,M40-44,28,39120,271,99999,99999,22838,346,16022,275,FIN
952,Harry Chien,United States,Male,M40-44,29,39125,272,99999,99999,23449,424,15390,202,FIN
858,Fabio Fiorito,Canada,Male,M50-54,17,39128,273,99999,99999,22786,341,16020,274,FIN
399,Jamie Burdon,Canada,Male,M60-64,5,39129,274,99999,99999,21876,228,16934,360,FIN
1047,Glenn Kelly,Canada,Male,M45-49,22,39164,275,99999,99999,22969,363,15641,232,FIN
572,Alan Clark,United States,Male,M50-54,18,39193,276,99999,99999,22968,362,15827,251,FIN
178,Louise Taylor,Canada,Female,F55-59,3,39226,277,99999,99999,23467,430,15581,225,FIN
1109,Cooper Simson,Canada,Male,M25-29,24,39273,278,99999,99999,21969,240,17037,371,FIN
374,Abby Romo,United States,Female,F18-24,2,39290,279,99999,99999,24249,542,14933,171,FIN
1066,Andrew Janzen,Canada,Male,M55-59,12,39295,280,99999,99999,20991,151,18004,490,FIN
212,John Acord,United States,Male,M40-44,30,39298,281,99999,99999,21716,215,17271,402,FIN
617,Tom Barlow,United Kingdom,Male,M30-34,29,39308,282,99999,99999,22385,284,16332,304,FIN
753,Vincent Rouillard,Canada,Male,M30-34,30,39312,283,99999,99999,22938,358,16040,278,FIN
280,Julian Lynch,Ireland,Male,M45-49,23,39357,284,99999,99999,22981,365,16126,286,FIN
963,Zen Ikehara,United States,Male,M30-34,31,39368,285,99999,99999,25880,710,13013,68,FIN
943,Stephen Brunetta,Canada,Male,M35-39,42,39372,286,99999,99999,22495,303,16220,291,FIN
523,Oscar Peralta,Mexico,Male,M45-49,24,39378,287,99999,99999,23767,464,15248,188,FIN
838,Samuel Spinelli,Canada,Male,M30-34,32,39426,288,99999,99999,23716,453,15054,179,FIN
394,Ryan Felder,Canada,Male,M30-34,33,39435,289,99999,99999,22440,298,16643,328,FIN
1033,Cole Odegard,United States,Male,M18-24,17,39478,290,99999,99999,23407,417,15771,244,FIN
390,Stuart Bagnall,Canada,Male,M35-39,43,39534,291,99999,99999,22520,305,16706,336,FIN
433,Murray Smith,Canada,Male,M45-49,25,39562,292,99999,99999,22395,289,16851,351,FIN
687,Milos Kalanovic,Canada,Male,M35-39,44,39578,293,99999,99999,22374,282,16577,321,FIN
819,Karen Leavitt,Canada,Female,F50-54,6,39605,294,99999,99999,24978,621,14356,138,FIN
706,Daniel Frenchmore,United States,Male,M30-34,34,39635,295,99999,99999,22960,361,16329,302,FIN
744,Andrew Beebe,Canada,Male,M30-34,35,39640,296,99999,99999,23061,378,16270,296,FIN
182,Travis Herdon,United States,Male,M30-34,36,39648,297,99999,99999,21065,163,18372,529,FIN
468,Wietske Eikelenboom,Canada,Female,F60-64,1,39701,298,99999,99999,22851,350,16596,323,FIN
999,Mieke Hemstreet,United States,Female,F50-54,7,39702,299,99999,99999,23013,373,16371,307,FIN
315,Fadel Assane,Canada,Male,M30-34,37,39709,300,99999,99999,23134,388,16314,300,FIN
892,Tom Flynn,United States,Male,M60-64,6,39710,301,99999,99999,24580,588,14782,160,FIN
595,Blake Johnston,Australia,Male,M40-44,31,39715,302,99999,99999,24346,558,14854,165,FIN
813,Nicholas Eto,Canada,Male,M18-24,18,39727,303,99999,99999,23730,455,15706,239,FIN
160,Dean Larson,Canada,Male,M55-59,13,39730,304,99999,99999,22793,342,16652,332,FIN
731,Stephanie Flynn,Canada,Female,F35-39,12,39742,305,99999,99999,22481,300,16868,352,FIN
1006,Bronston Kopala,Canada,Male,M25-29,25,39793,306,99999,99999,23167,392,16195,290,FIN
796,Brent Hobbs,Canada,Male,M55-59,14,39799,307,99999,99999,23658,445,15773,245,FIN
619,Lauren Koch,Canada,Female,F40-44,13,39817,308,99999,99999,22252,266,17255,399,FIN
147,Rina Toteda,Canada,Female,F50-54,8,39858,309,99999,99999,23283,405,15955,266,FIN
886,Mykhailo Kuchirka,Ukraine,Male,M35-39,45,39862,310,99999,99999,23702,451,15707,240,FIN
874,Hiroki Yamashita,United States,Male,M30-34,38,39871,311,99999,99999,24045,511,15475,210,FIN
975,Chandler Simon,United States,Male,M18-24,19,39906,312,99999,99999,22631,322,17081,379,FIN
1042,Don Flanigan,United States,Male,M40-44,32,39951,313,99999,99999,20464,114,19164,595,FIN
532,Tiffany Boire,Canada,Female,F50-54,9,39955,314,99999,99999,22959,360,16524,317,FIN
461,Caitlin Morrison,Canada,Female,F40-44,14,39959,315,99999,99999,23824,477,15621,229,FIN
240,Daniel Elgie,Canada,Male,M35-39,46,39987,316,99999,99999,22308,276,17336,409,FIN
927,Ezekial Steve,Canada,Male,M30-34,39,40001,317,99999,99999,22624,321,16837,348,FIN
1058,Asher Song,Canada,Male,M18-24,20,40004,318,99999,99999,24037,509,15528,218,FIN
132,Skye Kaiss,Canada,Male,M40-44,33,40012,319,99999,99999,23102,383,16492,314,FIN
301,Marc-André Daoust,Canada,Male,M50-54,19,40077,320,99999,99999,21608,206,18114,506,FIN
1076,Brianna Busch,Canada,Female,F35-39,13,40107,321,99999,99999,24380,560,15377,201,FIN
712,Andrew Felbinger,United States,Male,M30-34,40,40121,322,99999,99999,22564,311,17183,391,FIN
889,Jackson Ford,United States,Male,M45-49,26,40157,323,99999,99999,22590,316,17017,367,FIN
244,Cezary Awlasiewicz,Canada,Male,M60-64,7,40193,324,99999,99999,22222,260,17584,445,FIN
589,James Pan,Canada,Male,M50-54,20,40199,325,99999,99999,24337,554,15532,219,FIN
204,Jeannie Gilbert,United States,Female,F50-54,10,40231,326,99999,99999,21932,236,18056,499,FIN
849,Matthew Ring,United States,Male,M18-24,21,40276,327,99999,99999,22431,295,17577,443,FIN
177,Jerry Bartolome,United States,Male,M50-54,21,40290,328,99999,99999,24675,595,15287,193,FIN
434,Chris Stephens,Canada,Male,M60-64,8,40320,329,99999,99999,23238,401,16744,338,FIN
407,Dan Gysbers,Canada,Male,M35-39,47,40332,330,99999,99999,24062,514,15833,252,FIN
861,Justin Scott,Canada,Male,M45-49,27,40348,331,99999,99999,24199,532,15661,237,FIN
302,Michael Palmer,South Africa,Male,M18-24,22,40402,332,99999,99999,21751,218,18315,525,FIN
971,Lance Moen,United States,Male,M40-44,34,40412,333,99999,99999,22188,257,17844,475,FIN
211,Doug Goebel,United States,Male,M55-59,15,40421,334,99999,99999,24095,518,15890,259,FIN
152,Craig Harris,United Kingdom,Male,M45-49,28,40451,335,99999,99999,22068,249,17969,487,FIN
369,John Cobaugh,United States,Male,M50-54,22,40459,336,99999,99999,22855,351,17214,394,FIN
270,Michael Gustavson,Canada,Male,M35-39,48,40470,337,99999,99999,22665,324,17342,411,FIN
601,Christine Ondro,Canada,Female,F45-49,8,40477,338,99999,99999,23803,473,16286,297,FIN
1107,Jordyn Nyuli,Canada,Male,M25-29,26,40480,339,99999,99999,22991,369,17187,392,FIN
571,Robert Reid,Canada,Male,M45-49,29,40508,340,99999,99999,22487,301,17478,427,FIN
234,Brian James,Canada,Male,M50-54,23,40510,341,99999,99999,21413,186,18833,573,FIN
725,Chris Hayward,Canada,Male,M45-49,30,40522,342,99999,99999,21923,233,18337,526,FIN
1075,Arlen Macklem,Canada,Male,M25-29,27,40526,343,99999,99999,22560,309,17355,414,FIN
308,Brad Smith,Canada,Male,M35-39,49,40527,344,99999,99999,22992,370,17294,406,FIN
844,James Sturtevant,United States,Male,M40-44,35,40545,345,99999,99999,22526,306,17715,464,FIN
581,Jeff O'Hare,United States,Male,M55-59,16,40560,346,99999,99999,22474,299,17724,466,FIN
222,Keith Norsym,United States,Male,M50-54,24,40568,347,99999,99999,20353,105,19930,655,FIN
740,Zack Godwin,United States,Male,M35-39,50,40572,348,99999,99999,23466,429,16646,330,FIN
333,Monique Moore,Canada,Female,F50-54,11,40575,349,99999,99999,23670,448,16644,329,FIN
522,Bryan Stewart,Canada,Male,M50-54,25,40575,350,99999,99999,23788,469,16402,308,FIN
1003,Russell Love,Canada,Male,M35-39,51,40582,351,99999,99999,22660,323,17661,458,FIN
349,Jed Joseph Azcueta,Canada,Male,M40-44,36,40600,352,99999,99999,25160,646,14942,172,FIN
777,Brett Manning,United States,Male,M40-44,37,40615,353,99999,99999,22433,296,17876,479,FIN
371,Alex Finan,United States,Male,M18-24,23,40626,354,99999,99999,23914,488,16044,280,FIN
214,Kurt Madden,United States,Male,M65-69,3,40632,355,99999,99999,22057,247,18278,522,FIN
877,Jenny Wilson,Canada,Female,F40-44,15,40635,356,99999,99999,22534,308,17475,425,FIN
933,David Crone,Canada,Male,M60-64,9,40655,357,99999,99999,22157,255,18131,511,FIN
663,Myron Martens,Canada,Male,M55-59,17,40659,358,99999,99999,23260,404,17005,366,FIN
986,Breanna Bradley,Canada,Female,F30-34,8,40672,359,99999,99999,24339,555,15992,270,FIN
590,Brian Lang,Canada,Male,M55-59,18,40707,360,99999,99999,21808,223,18570,551,FIN
1057,Kirk Acevedo,United States,Male,M35-39,52,40709,361,99999,99999,23170,393,17076,377,FIN
190,Brad Lamoureux,Canada,Male,M65-69,4,40711,362,99999,99999,22752,333,17613,449,FIN
652,Hudson Reilly,Canada,Male,M30-34,41,40714,363,99999,99999,22779,340,17002,365,FIN
324,Benoit Menard,Canada,Male,M45-49,31,40834,364,99999,99999,22293,272,18231,520,FIN
1089,Brandon Rizzuto,United States,Male,M18-24,24,40836,365,99999,99999,24387,562,16029,276,FIN
151,Albert La Valle,United States,Male,M55-59,19,40838,366,99999,99999,22526,307,17817,473,FIN
830,Nikita Pisarenko,Canada,Male,M25-29,28,40867,367,99999,99999,23073,380,17340,410,FIN
751,Christian Pappert,United States,Male,M45-49,32,40875,368,99999,99999,22759,335,17643,453,FIN
696,Shauna Dahl,Canada,Female,F50-54,12,40908,369,99999,99999,24251,543,15963,268,FIN
145,Monique Radman,United States,Female,F45-49,9,40916,370,99999,99999,23837,480,16767,339,FIN
144,Brent Harrison,United States,Male,M45-49,33,40916,371,99999,99999,23056,377,17646,454,FIN
1074,Matt Bekar,Canada,Male,M40-44,38,40919,372,99999,99999,24641,592,15992,271,FIN
1038,Ryan Jobe,United States,Male,M30-34,42,40933,373,99999,99999,24345,557,15995,272,FIN
969,Jacob Lawrence,Canada,Male,M18-24,25,40950,374,99999,99999,23171,395,17529,437,FIN
481,Ashley Windsor,Canada,Female,F30-34,9,40954,375,99999,99999,23205,397,17246,398,FIN
594,Brett Buchanan,Canada,Male,M45-49,34,40965,376,99999,99999,22892,355,17578,444,FIN
875,Kaid Ashton,Canada,Male,M40-44,39,40966,377,99999,99999,24494,572,16118,285,FIN
140,Bryan Prushinski,United States,Male,M55-59,20,40978,378,99999,99999,23759,461,16802,345,FIN
261,Lloyd Henry,Virgin Islands,Male,M50-54,26,40983,379,99999,99999,24010,503,16696,334,FIN
196,Dale Patterson,Canada,Male,M50-54,27,41049,380,99999,99999,23159,390,17127,384,FIN
385,Nathan Funk,Canada,Male,M45-49,35,41068,381,99999,99999,22866,353,17725,467,FIN
992,Hogun Kang,Canada,Male,M25-29,29,41081,382,99999,99999,23896,487,16782,341,FIN
913,Nolan Mccoy,United States,Male,M25-29,30,41084,383,99999,99999,22185,256,18389,531,FIN
909,Colton Holbik,United States,Male,M35-39,53,41097,384,99999,99999,23226,400,17463,423,FIN
459,Chris Austen,Canada,Male,M45-49,36,41152,385,99999,99999,23001,372,17914,483,FIN
711,Bruce Hagel,Canada,Male,M60-64,10,41160,386,99999,99999,22800,343,18025,495,FIN
873,Ben Whiting,Canada,Male,M18-24,26,41162,387,99999,99999,23889,485,16847,350,FIN
391,Chris Dempsey,Canada,Male,M45-49,37,41177,388,99999,99999,22590,317,18215,519,FIN
804,Jordan Sauser,Canada,Male,M25-29,31,41179,389,99999,99999,25101,636,15360,199,FIN
841,Carl Simoncelli,Canada,Male,M25-29,32,41179,390,99999,99999,22394,288,18378,530,FIN
322,Annie-Claude Bergeron,Canada,Female,F45-49,10,41182,391,99999,99999,23998,499,16909,358,FIN
206,Jean-Francois Lamarche,Canada,Male,M55-59,21,41188,392,99999,99999,24040,510,16697,335,FIN
622,Matthew Hartery,Canada,Male,M35-39,54,41189,393,99999,99999,23113,384,17473,424,FIN
916,Braedon Humphrey,Canada,Male,M30-34,43,41212,394,99999,99999,20964,149,19740,649,FIN
1008,Thomas Chi Wang Wan,Canada,Male,M35-39,55,41212,395,99999,99999,21920,232,18738,565,FIN
775,Tari Kelly,Canada,Female,F50-54,13,41219,396,99999,99999,23170,394,17491,430,FIN
1091,Robert Gaines,United States,Male,M25-29,33,41231,397,99999,99999,23538,433,16809,347,FIN
237,Anthony Grozdev,Canada,Male,M35-39,56,41233,398,99999,99999,23122,386,17555,439,FIN
170,Ben Mccallum,Canada,Male,M35-39,57,41238,399,99999,99999,25348,660,15659,236,FIN
654,Jeroen Ruissen,United States,Male,M25-29,34,41244,400,99999,99999,23218,399,17708,463,FIN
163,Bing Liu,United States,Male,M65-69,5,41255,401,99999,99999,23455,425,17333,408,FIN
584,Martin Nguyen,Canada,Male,M50-54,28,41267,402,99999,99999,23651,442,17059,375,FIN
260,Marshall Howard,Canada,Male,M18-24,27,41295,403,99999,99999,23439,421,17363,416,FIN
829,Shae Pazdernik,Canada,Male,M25-29,35,41302,404,99999,99999,24269,546,16324,301,FIN
462,Kassidy Greulich,Canada,Female,F18-24,3,41306,405,99999,99999,22955,359,18099,505,FIN
535,Randy Walton,Canada,Male,M35-39,58,41321,406,99999,99999,23593,439,17027,370,FIN
657,Boone Tate,United States,Male,M25-29,36,41352,407,99999,99999,23693,450,17020,368,FIN
721,Jacob Willcuts,United States,Male,M18-24,28,41364,408,99999,99999,23957,494,17110,383,FIN
1069,Ryan Kelly,Australia,Male,M18-24,29,41401,409,99999,99999,23564,434,17147,387,FIN
186,David Nicholson,United Kingdom,Male,M60-64,11,41402,410,99999,99999,21273,170,19655,644,FIN
166,Richter Heintz,Canada,Male,M18-24,30,41403,411,99999,99999,25125,642,16012,273,FIN
421,John Cappelletti,Canada,Male,M65-69,6,41405,412,99999,99999,23980,495,17106,382,FIN
267,Craig Rhodes,Canada,Male,M50-54,29,41413,413,99999,99999,25601,688,15483,213,FIN
764,Henry Bang,Canada,Male,M50-54,30,41419,414,99999,99999,23762,463,17078,378,FIN
493,Genevieve Gay,Canada,Female,F30-34,10,41429,415,99999,99999,22890,354,18139,514,FIN
1028,Carlos Janela,Canada,Male,M50-54,31,41437,416,99999,99999,23331,408,17540,438,FIN
869,Terry Chaisson,Canada,Male,M55-59,22,41446,417,99999,99999,23658,446,17269,400,FIN
884,Sue Lau,United States,Female,F45-49,11,41496,418,99999,99999,21719,216,19418,620,FIN
1070,Mark Dickinson,United Kingdom,Male,M30-34,44,41504,419,99999,99999,25119,641,16103,282,FIN
780,Dan Beyaert,Canada,Male,M50-54,32,41528,420,99999,99999,22770,338,18309,524,FIN
855,David Zygun,Canada,Male,M50-54,33,41530,421,99999,99999,21800,221,19294,606,FIN
299,Patrick Robitaille,Canada,Male,M45-49,38,41538,422,99999,99999,24078,516,17026,369,FIN
1053,Patrick Wensley,Canada,Male,M50-54,34,41555,423,99999,99999,23851,481,17416,421,FIN
223,Suzanne Bach,United States,Female,F45-49,12,41556,424,99999,99999,23029,374,17977,488,FIN
321,Lauri Menard,Canada,Female,F18-24,4,41581,425,99999,99999,24381,561,16950,362,FIN
845,Maciej Bekieszczuk,Canada,Male,M35-39,59,41590,426,99999,99999,23852,482,17350,412,FIN
831,Jordan Novota,Canada,Male,M18-24,31,41594,427,99999,99999,23597,440,17723,465,FIN
254,Drew Scholl,United States,Male,M40-44,40,41632,428,99999,99999,23464,428,17572,441,FIN
1102,Aidan Watkins,United Kingdom,Male,M30-34,45,41636,429,99999,99999,23131,387,17888,481,FIN
680,Amanda Polus,Canada,Female,F30-34,11,41637,430,99999,99999,23374,413,17396,418,FIN
887,Dustin Kufflick,Canada,Male,M50-54,35,41654,431,99999,99999,23816,476,17413,420,FIN
613,Jared Verstraete,Canada,Male,M55-59,23,41660,432,99999,99999,21544,198,19685,646,FIN
347,Steve Attwood,United States,Male,M55-59,24,41662,433,99999,99999,24196,531,17001,364,FIN
487,Mark Moody,United States,Male,M60-64,12,41697,434,99999,99999,23456,427,17925,484,FIN
218,Katie Lee,Canada,Female,F30-34,12,41713,435,99999,99999,23891,486,17492,431,FIN
291,Michael Leonhart,Canada,Male,M40-44,41,41713,436,99999,99999,23455,426,17749,468,FIN
906,Tamir Klarsfeld,Israel,Male,M25-29,37,41725,437,99999,99999,24208,536,17151,388,FIN
416,Gillian Perlette,Canada,Female,F25-29,4,41773,438,99999,99999,25572,685,15917,262,FIN
269,Jay Alcock,Australia,Male,M40-44,42,41776,439,99999,99999,21319,175,20219,674,FIN
1095,Alexander Dzielski,United States,Male,M35-39,60,41802,440,99999,99999,24002,500,17505,434,FIN
587,Joe Getz,United States,Male,M30-34,46,41862,441,99999,99999,24050,512,17482,429,FIN
1110,Carleigh Quiring,Canada,Female,F18-24,5,41865,442,99999,99999,22307,275,19250,603,FIN
632,Albert Chang,United States,Male,M40-44,43,41867,443,99999,99999,22392,287,19203,598,FIN
935,Adam Saunders,Canada,Male,M18-24,32,41881,444,99999,99999,25848,708,15299,196,FIN
907,Benjamin Lukenchuk,Canada,Male,M25-29,38,41916,445,99999,99999,24961,619,16838,349,FIN
470,Catherine Border,Canada,Female,F45-49,13,41917,446,99999,99999,24081,517,17402,419,FIN
455,Anthony Tomic,Canada,Male,M65-69,7,41922,447,99999,99999,23917,490,17607,447,FIN
304,Eunel Matula,Philippines,Male,M40-44,44,41932,448,99999,99999,22310,277,19265,605,FIN
398,Dmitry Aruin,Canada,Male,M40-44,45,41963,449,99999,99999,23772,466,17627,451,FIN
1092,Dylan Willard,United States,Male,M25-29,39,41968,450,99999,99999,22843,348,18558,547,FIN
294,Todd Smiley,United States,Male,M60-64,13,41990,451,99999,99999,23994,498,17219,395,FIN
533,Tim Mcnaughton,Canada,Male,M45-49,39,41998,452,99999,99999,22113,250,19362,613,FIN
703,David Coulombe,Canada,Male,M35-39,61,42038,453,99999,99999,24146,525,17390,417,FIN
686,Josiah Thalhofer,United States,Male,M35-39,62,42048,454,99999,99999,24866,608,16881,354,FIN
800,Riley Mihial,Canada,Male,M30-34,47,42098,455,99999,99999,24599,589,16941,361,FIN
463,Megan Tribbeck,Canada,Female,F35-39,14,42116,456,99999,99999,23989,496,17887,480,FIN
279,Bob Jordan,United States,Male,M70-74,1,42119,457,99999,99999,23760,462,17764,469,FIN
1097,Jacob Borrego,United States,Male,M30-34,48,42153,458,99999,99999,24116,520,17503,433,FIN
763,Jaidyn Webber,Canada,Male,M18-24,33,42165,459,99999,99999,24175,528,17518,435,FIN
483,Shaun O'Brien,United Kingdom,Male,M40-44,46,42172,460,99999,99999,24180,529,17637,452,FIN
520,Francis Silva,Canada,Male,M35-39,63,42221,461,99999,99999,24524,578,17479,428,FIN
453,Nichola Kennell,Canada,Female,F30-34,13,42223,462,99999,99999,26152,727,15941,264,FIN
736,Natalie Young,Canada,Female,F35-39,15,42265,463,99999,99999,24025,506,17574,442,FIN
662,Jackson Day,United States,Male,M35-39,64,42273,464,99999,99999,23577,436,18201,518,FIN
426,Logan Bedard,Canada,Male,M25-29,40,42290,465,99999,99999,24498,573,17234,396,FIN
645,Derek Lai,Canada,Male,M40-44,47,42294,466,99999,99999,23709,452,18080,500,FIN
618,Michael Pashak,United States,Male,M60-64,14,42299,467,99999,99999,23526,432,18549,544,FIN
300,Kelly Ogilvie,Canada,Female,F40-44,16,42308,468,99999,99999,23940,492,18080,501,FIN
360,Ethan Apostle,Canada,Male,M35-39,65,42319,469,99999,99999,23769,465,18127,509,FIN
181,Tobi Bisson,United States,Female,F55-59,4,42330,470,99999,99999,23424,419,18497,537,FIN
173,Kelly Mulvany,United States,Female,F45-49,14,42332,471,99999,99999,24168,527,17846,476,FIN
635,Lauren Keith,Australia,Female,F40-44,17,42348,472,99999,99999,23442,422,18525,540,FIN
644,Orsy Szabo,Canada,Female,F40-44,18,42374,473,99999,99999,24945,616,16885,355,FIN
993,Calvin Fairbairn,Canada,Male,M25-29,41,42398,474,99999,99999,20167,92,21862,780,FIN
723,Cameron Reese,United States,Male,M25-29,42,42406,475,99999,99999,24980,622,16875,353,FIN
564,Jamie Ruscheinski,Canada,Male,M40-44,48,42431,476,99999,99999,24520,577,17102,381,FIN
203,Dan Rewucki,Canada,Male,M50-54,36,42435,477,99999,99999,23618,441,18390,532,FIN
574,Robert Schnell,Canada,Male,M45-49,40,42437,478,99999,99999,23254,402,18892,579,FIN
648,Corbin Lowe,Canada,Male,M30-34,49,42439,479,99999,99999,22418,293,19331,610,FIN
268,Michael Sabol,United States,Male,M35-39,66,42440,480,99999,99999,23812,475,18136,512,FIN
938,Nicholas Handcock,Canada,Male,M40-44,49,42464,481,99999,99999,24628,591,17443,422,FIN
528,Scott Boucher,Canada,Male,M40-44,50,42519,482,99999,99999,24223,539,17867,478,FIN
506,Fifaliana Rakotoarison,Madagascar,Male,M25-29,43,42529,483,99999,99999,23321,407,18887,577,FIN
608,Martin Alberts,Canada,Male,M40-44,51,42545,484,99999,99999,21962,239,20009,660,FIN
946,Alita Krickan,Canada,Female,F45-49,15,42552,485,99999,99999,23204,396,18585,556,FIN
876,Leo Rallis,Canada,Male,M45-49,41,42556,486,99999,99999,26833,792,15276,190,FIN
442,Dexter Geddes,Canada,Male,M65-69,8,42577,487,99999,99999,25636,691,16290,298,FIN
847,Brandon Nguyen,Canada,Male,M25-29,44,42591,488,99999,99999,21641,208,20684,709,FIN
621,Erica Koch,Canada,Female,F35-39,16,42606,489,99999,99999,23080,381,19078,590,FIN
364,Gareth Bowley,Canada,Male,M40-44,52,42614,490,99999,99999,22240,263,20106,668,FIN
259,Steve Kirkby,Canada,Male,M55-59,25,42634,491,99999,99999,25082,633,17137,385,FIN
692,Glady Malvar,Canada,Male,M50-54,37,42645,492,99999,99999,23811,474,18501,538,FIN
1021,Austin Javorsky,Canada,Male,M18-24,34,42694,493,99999,99999,25250,652,17039,372,FIN
989,Spencer Hewlett,Canada,Male,M35-39,67,42699,494,99999,99999,24121,522,18128,510,FIN
881,Faye Tuck,Canada,Female,F25-29,5,42701,495,99999,99999,24302,549,17990,489,FIN
1056,Ryan Seamark,Canada,Male,M30-34,50,42703,496,99999,99999,23989,497,17656,456,FIN
565,Yucheng Low,United States,Male,M40-44,53,42705,497,99999,99999,24549,583,17596,446,FIN
1054,Thomas Magee,Canada,Male,M30-34,51,42710,498,99999,99999,24208,535,17655,455,FIN
891,Eric Fayard,France,Male,M60-64,15,42712,499,99999,99999,24876,611,17497,432,FIN
296,Michele Bragard,Germany,Female,F45-49,16,42718,500,99999,99999,23090,382,19297,608,FIN
987,Rowan Vipond,Canada,Male,M18-24,35,42718,501,99999,99999,25958,715,16494,315,FIN
851,Nelson Dechant,Canada,Male,M45-49,42,42744,502,99999,99999,25565,684,16777,340,FIN
671,Mark Kondrat,Canada,Male,M45-49,43,42830,503,99999,99999,26685,778,15595,226,FIN
445,Jadene White,Canada,Female,F30-34,14,42841,504,99999,99999,25043,626,17312,407,FIN
456,Gregory Shutler,United States,Male,M25-29,45,42851,505,99999,99999,25980,719,16437,310,FIN
758,Lebis Alarcon,Colombia,Male,M30-34,52,42867,506,99999,99999,25195,650,16912,359,FIN
568,David Giffin,Canada,Male,M25-29,46,42924,507,99999,99999,24416,564,18010,491,FIN
998,Michael Petric,Canada,Male,M35-39,68,42942,508,99999,99999,25528,678,17161,389,FIN
598,Nicholas Scaglione,Canada,Male,M18-24,36,42946,509,99999,99999,24498,574,17890,482,FIN
785,Zoe Lefrancois,United States,Female,F35-39,17,42962,510,99999,99999,24328,552,18099,504,FIN
699,Daphne Brown,Canada,Female,F55-59,5,42973,511,99999,99999,26220,733,16113,284,FIN
1090,Ryan Longman,United States,Male,M25-29,47,42978,512,99999,99999,24202,533,18022,493,FIN
157,Dan Reinheimer,United States,Male,M55-59,26,42993,513,99999,99999,23671,449,18891,578,FIN
749,Olivia Gerow,Canada,Female,F30-34,15,43009,514,99999,99999,24833,605,17271,401,FIN
1059,Daniel Lillis,United States,Male,M30-34,53,43030,515,99999,99999,24812,602,17694,461,FIN
242,Anatoly Gusev,Israel,Male,M30-34,54,43049,516,99999,99999,25683,696,16787,343,FIN
389,Casey Wei,United States,Female,F30-34,16,43050,517,99999,99999,27246,812,15478,212,FIN
554,Alejandro Guerrero Azuela,Mexico,Male,M45-49,44,43066,518,99999,99999,23792,471,18691,562,FIN
939,Jeff Mudrick,Canada,Male,M35-39,69,43113,519,99999,99999,23393,414,19245,602,FIN
1045,Ryan Truant,Canada,Male,M40-44,54,43114,520,99999,99999,23051,376,19433,621,FIN
867,Mitchell Malott,Canada,Male,M30-34,55,43138,521,99999,99999,26706,781,16043,279,FIN
138,Beverley Thomson,Canada,Female,F45-49,17,43144,522,99999,99999,22738,332,20077,665,FIN
1029,Devon Jennings,Canada,Male,M25-29,48,43156,523,99999,99999,24690,597,18040,498,FIN
638,Will Vandenberg,Canada,Male,M65-69,9,43177,524,99999,99999,20731,137,21880,782,FIN
210,Scott Reutter,United States,Male,M40-44,55,43198,525,99999,99999,24531,579,18338,527,FIN
120,Troy Maddaford,Canada,Male,M45-49,45,43335,526,99999,99999,23883,483,19038,589,FIN
474,Melanie Armstrong,Canada,Female,F50-54,14,43351,527,99999,99999,24122,523,18787,568,FIN
1112,Chris Ackerman,Canada,Male,M45-49,46,43351,528,99999,99999,25435,666,17529,436,FIN
467,Miles Gibson,Canada,Male,M65-69,10,43360,529,99999,99999,23656,443,19346,612,FIN
348,Perry Macdonald,Canada,Male,M55-59,27,43366,530,99999,99999,22911,356,19813,651,FIN
774,Morgan Lamontagna,Canada,Female,F25-29,6,43377,531,99999,99999,26306,744,16713,337,FIN
739,John Frischmon,United States,Male,M25-29,49,43378,532,99999,99999,25157,645,17618,450,FIN
311,John Krewer,United States,Male,M35-39,70,43381,533,99999,99999,23431,420,19306,609,FIN
133,Mike Drechsler,United States,Male,M50-54,38,43393,534,99999,99999,24037,508,18671,561,FIN
776,Avie Hutchinson,Canada,Male,M65-69,11,43442,535,99999,99999,24432,567,18486,535,FIN
517,Jake Storfer,Canada,Male,M18-24,37,43471,536,99999,99999,24531,580,18029,496,FIN
420,Jackson Saunders,Canada,Male,M18-24,38,43480,537,99999,99999,24288,548,18779,567,FIN
1104,Ryan Hunt,United Kingdom,Male,M30-34,56,43497,538,99999,99999,25477,672,17695,462,FIN
516,Michael Storfer,Canada,Male,M55-59,28,43502,539,99999,99999,24568,586,18024,494,FIN
475,Angie Crowdy,Canada,Female,F50-54,15,43513,540,99999,99999,25998,722,17290,405,FIN
604,Simon Lalande,Canada,Male,M30-34,57,43547,541,99999,99999,24336,553,18601,558,FIN
704,Jon Emis,United States,Male,M40-44,56,43565,542,99999,99999,25558,681,17611,448,FIN
714,Anthony Di Mauro,United States,Male,M50-54,39,43567,543,99999,99999,23667,447,19397,617,FIN
552,Julie Dukes,United States,Female,F55-59,6,43585,544,99999,99999,24882,613,18092,502,FIN
794,Joseph Zhang,United States,Male,M50-54,40,43587,545,99999,99999,24071,515,18921,581,FIN
566,Christine Suter,Canada,Female,F55-59,7,43603,546,99999,99999,23489,431,19590,635,FIN
801,Austin Pineault,Canada,Male,M25-29,50,43619,547,99999,99999,25430,664,17359,415,FIN
262,Cody Bird,Canada,Male,M30-34,58,43625,548,99999,99999,26531,764,16541,318,FIN
406,Kenneth Gund,Canada,Male,M50-54,41,43644,549,99999,99999,22284,271,21051,740,FIN
728,Nathan Castek,United States,Male,M30-34,59,43694,550,99999,99999,24902,614,18360,528,FIN
599,Tyler Krushen,Canada,Male,M25-29,51,43694,551,99999,99999,23591,438,19578,632,FIN
965,Max Colls,Canada,Male,M25-29,52,43698,552,99999,99999,23740,460,19145,593,FIN
878,Lauren Guthrie,United States,Female,F25-29,7,43699,553,99999,99999,26662,776,16629,326,FIN
379,Kiera Verbonac,Canada,Female,F30-34,17,43757,554,99999,99999,26306,745,17055,374,FIN
754,Amanda Neufeld,Canada,Female,F35-39,18,43761,555,99999,99999,24657,593,18567,550,FIN
809,Dave Sloan,United States,Male,M60-64,16,43769,556,99999,99999,22728,328,20686,710,FIN
788,Adrian Hembruch,Canada,Male,M40-44,57,43777,557,99999,99999,24007,502,19340,611,FIN
693,Julian Read,New Zealand,Male,M35-39,71,43813,558,99999,99999,22858,352,20414,691,FIN
1023,Ethan Langford,United States,Male,M45-49,47,43868,559,99999,99999,23658,444,19535,627,FIN
888,Cedric Falc,Canada,Male,M40-44,58,43905,560,99999,99999,24144,524,19241,601,FIN
419,Nadia Franco,Canada,Female,F25-29,8,43905,561,99999,99999,25484,673,18096,503,FIN
413,Ben Sinai,Canada,Male,M30-34,60,43918,562,99999,99999,24344,556,19089,591,FIN
755,Anthony De Castro,Canada,Male,M40-44,59,43948,563,99999,99999,24019,504,19296,607,FIN
401,Russ Zanetti,United States,Male,M40-44,60,43955,564,99999,99999,24563,584,19007,586,FIN
508,Tom Richards,United Kingdom,Male,M50-54,42,43959,565,99999,99999,23887,484,19550,629,FIN
746,Gregory Bodnar,United States,Male,M30-34,61,43986,566,99999,99999,22937,357,20669,707,FIN
786,Cal Thurbide,Canada,Male,M60-64,17,43989,567,99999,99999,23403,415,20041,663,FIN
945,Esther Woodman,Canada,Female,F60-64,2,44059,568,99999,99999,22839,347,20502,698,FIN
852,Nina Furlong,United States,Female,F18-24,6,44080,569,99999,99999,26344,751,17096,380,FIN
275,Brian Kelly,Canada,Male,M65-69,12,44086,570,99999,99999,25076,630,18572,552,FIN
549,Pam Reed,United States,Female,F60-64,3,44104,571,99999,99999,24868,609,18853,575,FIN
454,Erin Vandenborn,Canada,Female,F25-29,9,44106,572,99999,99999,24285,547,19546,628,FIN
716,Corey Batiste,United States,Male,M45-49,48,44189,573,99999,99999,26320,747,17285,404,FIN
317,Norm Duval,Canada,Male,M60-64,18,44241,574,99999,99999,24305,550,19595,637,FIN
164,Jaimie Zhu,United States,Female,F25-29,10,44247,575,99999,99999,25457,671,18156,516,FIN
738,Derek Church,Canada,Male,M40-44,61,44249,576,99999,99999,25082,634,18564,548,FIN
762,Cade Mah,Canada,Male,M18-24,39,44259,577,99999,99999,24207,534,19581,633,FIN
142,Stacy Sandkulla,United States,Male,M55-59,29,44280,578,99999,99999,24730,599,18811,570,FIN
451,Bart Vanbloemen,United States,Male,M65-69,13,44293,579,99999,99999,24430,566,19488,625,FIN
555,Katie Mitchell,Canada,Female,F40-44,19,44332,580,99999,99999,25834,706,18122,507,FIN
202,Andrea Robinson,Canada,Female,F45-49,18,44430,581,99999,99999,24536,582,19379,614,FIN
630,Stacey Lake,United States,Female,F50-54,16,44438,582,99999,99999,24306,551,19194,597,FIN
1105,Michi Nagase,Japan,Male,M45-49,49,44451,583,99999,99999,25750,701,18139,513,FIN
327,Tim Shumka,Canada,Male,M60-64,19,44458,584,99999,99999,24569,587,19487,624,FIN
609,Steven Tabacek,United States,Male,M60-64,20,44483,585,99999,99999,23068,379,20778,718,FIN
139,Clark Thomson,Canada,Male,M45-49,50,44489,586,99999,99999,23733,457,20520,699,FIN
384,Phung Nguyen,United States,Male,M55-59,30,44539,587,99999,99999,24115,519,19847,653,FIN
1113,Will Patterson,Canada,Male,M30-34,62,44559,588,99999,99999,27311,816,16667,333,FIN
531,Lisa Dawn Mitchell,Canada,Female,F45-49,19,44570,589,99999,99999,24477,571,19555,630,FIN
561,Alexandre Hébert,Canada,Male,M45-49,51,44581,590,99999,99999,21928,235,22073,792,FIN
1078,Kristopher Thomas,United States,Male,M25-29,53,44584,591,99999,99999,28679,886,15475,211,FIN
471,Terrence Harbort,Australia,Male,M50-54,43,44621,592,99999,99999,25983,720,18029,497,FIN
352,Ted Thompson,Canada,Male,M30-34,63,44638,593,99999,99999,25344,659,18640,559,FIN
709,Riley Schmidt,Canada,Male,M30-34,64,44654,594,99999,99999,24805,601,19612,638,FIN
412,Scott Robinson,Canada,Male,M50-54,44,44680,595,99999,99999,23565,435,20398,689,FIN
783,Tracy Townsend,Canada,Female,F50-54,17,44690,596,99999,99999,26323,748,17571,440,FIN
1046,Beecher Rusin,Canada,Male,M35-39,72,44710,597,99999,99999,25804,705,18578,555,FIN
681,Justin Willie,Canada,Male,M35-39,73,44731,598,99999,99999,25530,679,18823,572,FIN
910,James Eden,Canada,Male,M30-34,65,44740,599,99999,99999,25438,667,18596,557,FIN
326,Leslie Moffat,Canada,Female,F25-29,11,44742,600,99999,99999,27175,810,17182,390,FIN
890,Brandon Farr,Canada,Male,M35-39,74,44745,601,99999,99999,25194,649,18874,576,FIN
439,Bradley Lawson,Canada,Male,M70-74,2,44789,602,99999,99999,24211,537,20014,661,FIN
512,Hardeep Chahal,Canada,Male,M35-39,75,44794,603,99999,99999,25560,682,18533,541,FIN
538,Jiri Mildner,Canada,Male,M35-39,76,44826,604,99999,99999,26648,774,17682,460,FIN
544,Jaime Pugeda,United States,Male,M55-59,31,44848,605,99999,99999,25979,718,18544,542,FIN
811,Kandis Lipsett,Canada,Female,F40-44,20,44855,606,99999,99999,24215,538,20330,684,FIN
1026,Dave Jones,Canada,Male,M40-44,62,44876,607,99999,99999,25509,675,18807,569,FIN
266,Ryan Roch,Canada,Male,M35-39,77,44889,608,99999,99999,25595,687,18901,580,FIN
372,Grace Abraham,United States,Female,F18-24,7,44909,609,99999,99999,26839,793,17783,471,FIN
624,Marin Nelson,Canada,Female,F18-24,8,44913,610,99999,99999,22572,313,22044,789,FIN
258,Adam Welburn,Canada,Male,M45-49,52,44930,611,99999,99999,24020,505,20186,671,FIN
848,Teno Kao,United States,Male,M18-24,40,44943,612,99999,99999,26483,760,17960,486,FIN
578,Janine Co,Canada,Female,F25-29,12,44948,613,99999,99999,25962,716,18566,549,FIN
491,Andrew Coronas,Canada,Male,M30-34,66,45003,614,99999,99999,23915,489,20375,686,FIN
942,Gavin Yu,United States,Male,M55-59,32,45004,615,99999,99999,21729,217,22873,835,FIN
1041,Guillermo Vargas,Colombia,Male,M40-44,63,45008,616,99999,99999,25431,665,19028,588,FIN
1043,Artem Krutilin,Canada,Male,M35-39,78,45016,617,99999,99999,27420,826,17046,373,FIN
153,Andrea Leber,United States,Female,F60-64,4,45047,618,99999,99999,24429,565,20184,670,FIN
405,Jacob Worthen,United States,Male,M18-24,41,45091,619,99999,99999,24974,620,19628,639,FIN
735,Matt Holt,United States,Male,M55-59,33,45138,620,99999,99999,25526,677,19121,592,FIN
529,Melissa Langworthy,United States,Female,F40-44,21,45139,621,99999,99999,22490,302,22320,812,FIN
724,Greg Eso,United States,Male,M55-59,34,45154,622,99999,99999,25798,704,18738,564,FIN
967,Daniel Mang,Canada,Male,M35-39,79,45159,623,99999,99999,23923,491,20667,706,FIN
134,Crystal Joy,United States,Female,F45-49,20,45164,624,99999,99999,25931,714,18488,536,FIN
154,Thomas Orrock,United States,Male,M50-54,45,45181,625,99999,99999,22736,330,22032,788,FIN
575,Lama Arjeh,Canada,Female,F45-49,21,45189,626,99999,99999,26464,759,18142,515,FIN
806,Preston Vanden Hooven,Canada,Male,M30-34,67,45189,627,99999,99999,25028,623,19585,634,FIN
583,Liam Galway,Canada,Male,M45-49,53,45205,628,99999,99999,22067,248,22574,824,FIN
536,Harrison Elliott,Canada,Male,M30-34,68,45264,629,99999,99999,22227,261,22559,823,FIN
885,Taylor Pringle,Canada,Male,M55-59,35,45265,630,99999,99999,22247,264,22471,820,FIN
534,Christy Gain,Canada,Female,F45-49,22,45269,631,99999,99999,25261,653,19630,640,FIN
482,Jose Petelo,Canada,Male,M50-54,46,45275,632,99999,99999,23259,403,21647,767,FIN
403,Shannon Worthen,United States,Male,M50-54,47,45288,633,99999,99999,24869,610,19818,652,FIN
1016,Jessica Edwards,Canada,Female,F35-39,19,45320,634,99999,99999,25759,702,18999,584,FIN
854,Ryan Silver,Canada,Male,M45-49,54,45361,635,99999,99999,28082,865,16333,305,FIN
466,Bruce Halladay,Canada,Male,M55-59,36,45433,636,99999,99999,24718,598,20362,685,FIN
477,Rita Cain,Canada,Female,F45-49,23,45433,637,99999,99999,24265,545,20819,720,FIN
435,Marcelo Marcet,Canada,Male,M45-49,55,45456,638,99999,99999,23788,470,21342,751,FIN
883,Maria Margarita Tascon Gonzalez,Spain,Female,F55-59,8,45472,639,99999,99999,26230,735,18556,546,FIN
448,Andrea Opyr,Canada,Female,F40-44,22,45486,640,99999,99999,25530,680,19235,600,FIN
404,Lyna Naseri,Canada,Female,F40-44,23,45505,641,99999,99999,26864,794,18274,521,FIN
596,Kolby Buljevic,Canada,Male,M25-29,54,45510,642,99999,99999,26539,766,18431,533,FIN
560,Kim Lerbekmo,Canada,Female,F45-49,24,45516,643,99999,99999,26572,768,18574,553,FIN
924,Michelle Vandervort,United States,Female,F45-49,25,45529,644,99999,99999,24026,507,20884,728,FIN
400,Marc Giustra,Canada,Male,M35-39,80,45530,645,99999,99999,23143,389,21818,778,FIN
278,John Hannon,United States,Male,M55-59,37,45532,646,99999,99999,24161,526,21087,742,FIN
546,Celeste Stoneman,United States,Female,F50-54,18,45537,647,99999,99999,26193,729,18847,574,FIN
931,Gregory Smith,Canada,Male,M60-64,21,45541,648,99999,99999,24957,617,19681,645,FIN
576,Jesse Bowdige,Canada,Male,M35-39,81,45550,649,99999,99999,24825,603,20247,677,FIN
743,Adam Macmahon,Canada,Male,M25-29,55,45555,650,99999,99999,27547,832,17657,457,FIN
193,Jerrie Keith Manalang,Canada,Male,M30-34,69,45579,651,99999,99999,26053,725,18999,585,FIN
607,Renee Hall,Canada,Female,F25-29,13,45618,652,99999,99999,27093,804,17859,477,FIN
1019,Nicholas Montigny,Canada,Male,M25-29,56,45650,653,99999,99999,25270,654,19975,657,FIN
1018,Beth Gabhart,United States,Female,F50-54,19,45685,654,99999,99999,24498,575,20963,734,FIN
990,Elizabeth Funk,Canada,Female,F30-34,18,45700,655,99999,99999,28947,898,16252,293,FIN
914,Martin Branch,Canada,Male,M55-59,38,45753,656,99999,99999,26421,757,18694,563,FIN
870,Dandy Lopez,Canada,Male,M45-49,56,45757,657,99999,99999,24120,521,21044,739,FIN
834,Kyle Brill,United States,Male,M18-24,42,45757,658,99999,99999,24473,569,20687,711,FIN
303,Keith Kazmer,United States,Male,M45-49,57,45769,659,99999,99999,23416,418,22085,793,FIN
1014,Rob Gibson,Canada,Male,M60-64,22,45828,660,99999,99999,24566,585,20948,732,FIN
691,Sarah Johnson,Canada,Female,F18-24,9,45861,661,99999,99999,25892,712,19493,626,FIN
256,Mitch Kayser,United States,Male,M30-34,70,45885,662,99999,99999,24826,604,20520,700,FIN
642,Tim Hartley,Canada,Male,M50-54,48,45915,663,99999,99999,23217,398,22063,791,FIN
817,Alistair Ellis,Canada,Male,M50-54,49,45969,664,99999,99999,25604,689,19655,643,FIN
1040,Dustin Werran,United States,Male,M30-34,71,45975,665,99999,99999,23733,458,21672,769,FIN
957,Marco Lam,United States,Male,M35-39,82,45978,666,99999,99999,25914,713,19449,622,FIN
1039,Eric Tang,United States,Male,M25-29,57,45994,667,99999,99999,26528,763,19149,594,FIN
430,David Monteith,Canada,Male,M35-39,83,46038,668,99999,99999,28158,871,16498,316,FIN
929,Justin Einstein,United States,Male,M35-39,84,46042,669,99999,99999,24396,563,21160,745,FIN
781,Remi Poirier,Canada,Male,M35-39,85,46047,670,99999,99999,23584,437,22192,802,FIN
1119,Dan Korchounov,Canada,Male,M35-39,86,46087,671,99999,99999,24855,606,20725,713,FIN
208,Wisam Alouch,Syrian Arab Republic,Male,M45-49,58,46087,672,99999,99999,21481,192,24031,884,FIN
313,Janet Jones,Canada,Female,F50-54,20,46120,673,99999,99999,25284,655,20500,697,FIN
805,Nevada Cosby,Canada,Female,F40-44,24,46131,674,99999,99999,27114,806,18125,508,FIN
765,Charles Mcjilton Iv,United States,Male,M60-64,23,46177,675,99999,99999,26662,777,18577,554,FIN
388,Jason Davies,United States,Male,M45-49,59,46191,676,99999,99999,25061,627,20852,721,FIN
603,Justin Duursma,United States,Male,M30-34,72,46264,677,99999,99999,24616,590,21196,749,FIN
894,Mario Stocco,Canada,Male,M50-54,50,46309,678,99999,99999,25115,640,20241,676,FIN
947,Andrew Wilcox,United States,Male,M50-54,51,46317,679,99999,99999,23779,467,22110,798,FIN
948,Dave Simcox,Canada,Male,M65-69,14,46378,680,99999,99999,26339,750,19259,604,FIN
562,Jason Chan,United States,Male,M50-54,52,46381,681,99999,99999,26145,726,19559,631,FIN
784,Chris Duarte,United States,Male,M50-54,53,46392,682,99999,99999,23944,493,21915,784,FIN
130,Stacey Ison,Canada,Male,M65-69,15,46431,683,99999,99999,23785,468,21746,774,FIN
573,Brad Mcmullin,Canada,Male,M40-44,64,46433,684,99999,99999,22729,329,23410,862,FIN
545,Jordan Dalcin,Canada,Male,M45-49,60,46450,685,99999,99999,25079,631,20726,714,FIN
866,Kiana Cowger,Canada,Female,F25-29,14,46460,686,99999,99999,25723,699,20438,693,FIN
458,Sarah Lowe,Canada,Female,F60-64,5,46464,687,99999,99999,26459,758,19417,619,FIN
926,Joseph Liu,United States,Male,M40-44,65,46473,688,99999,99999,26737,783,19025,587,FIN
195,William Crimbring,United States,Male,M60-64,24,46481,689,99999,99999,22507,304,23393,859,FIN
1002,Christopher Spang,United States,Male,M35-39,87,46486,690,99999,99999,27585,836,18172,517,FIN
514,Jimmy Thuan,Canada,Male,M30-34,73,46505,691,99999,99999,26311,746,19726,647,FIN
579,Zane Holmquist,United States,Male,M55-59,39,46527,692,99999,99999,22264,268,23734,875,FIN
988,Brody Mcmanus,Canada,Male,M25-29,58,46531,693,99999,99999,27609,837,18443,534,FIN
779,Yoshinori Nodera,Japan,Male,M55-59,40,46540,694,99999,99999,28698,889,17284,403,FIN
496,Dalene Baron,Canada,Female,F55-59,9,46610,695,99999,99999,25149,644,20744,715,FIN
616,Nathaniel Robinson,United States,Male,M50-54,54,46672,696,99999,99999,24474,570,21631,765,FIN
982,Jeffrey Mcclellan,United States,Male,M40-44,66,46674,697,99999,99999,24918,615,20779,719,FIN
331,Rich Polson,Canada,Male,M65-69,16,46697,698,99999,99999,26327,749,19766,650,FIN
176,Cornee Van Loon,Netherlands,Male,M50-54,55,46723,699,99999,99999,25978,717,20079,666,FIN
1115,Johnny Felice,Canada,Male,M25-29,59,46746,700,99999,99999,26619,772,19405,618,FIN
350,Michael Szeles,Canada,Male,M35-39,88,46812,701,99999,99999,25334,657,20288,680,FIN
340,Chris Scott,Canada,Male,M35-39,89,46830,702,99999,99999,26413,755,20020,662,FIN
915,Scott English,Canada,Male,M18-24,43,46867,703,99999,99999,24534,581,21838,779,FIN
1044,Dustin Dykink,Canada,Male,M30-34,74,46869,704,99999,99999,26705,780,19463,623,FIN
263,Ivar Mclean,Canada,Male,M50-54,56,46872,705,99999,99999,24238,540,22247,805,FIN
495,Spencer Strull,United States,Male,M40-44,67,46914,706,99999,99999,25042,625,21378,753,FIN
592,David Barnett,United States,Male,M65-69,17,46949,707,99999,99999,26772,787,19212,599,FIN
921,Ihor Babiak,Canada,Male,M35-39,90,46955,708,99999,99999,28775,892,17778,470,FIN
623,Owen Smid,Canada,Male,M35-39,91,46966,709,99999,99999,27391,822,18519,539,FIN
688,Joseph Andres,Philippines,Male,M35-39,92,46991,710,99999,99999,27333,818,18547,543,FIN
553,Claudia Barboza Gonzalez,Mexico,Female,F55-59,10,47083,711,99999,99999,26219,731,20576,703,FIN
1024,Oliver Christiansen,Denmark,Male,M25-29,60,47087,712,99999,99999,24857,607,21192,748,FIN
231,Attila Fodor,Canada,Male,M45-49,61,47140,713,99999,99999,26779,788,19394,616,FIN
918,Olivia Anderson,Canada,Female,F30-34,19,47224,714,99999,99999,26300,741,20303,682,FIN
919,Jessica Laflamme-Yonkman,Canada,Female,F25-29,15,47230,715,99999,99999,26305,743,20302,681,FIN
111,Anthony Brown-Bergtold,United States,Male,M30-34,75,47250,716,99999,99999,26384,754,20378,687,FIN
310,James Thomas,Canada,Male,M60-64,25,47257,717,99999,99999,27131,807,19655,642,FIN
392,Michael Baxter,Canada,Male,M55-59,41,47291,718,99999,99999,25391,662,21186,747,FIN
836,Dennis Kim,United States,Male,M60-64,26,47301,719,99999,99999,26302,742,20241,675,FIN
840,Kiri Witmer,Canada,Female,F30-34,20,47328,720,99999,99999,25844,707,21022,737,FIN
518,Martin Granum,United States,Male,M60-64,27,47384,721,99999,99999,25313,656,21641,766,FIN
793,Thomas Van Der Breggen,Canada,Male,M30-34,76,47464,722,99999,99999,26746,784,20251,678,FIN
1064,Andrew Dornan,Canada,Male,M30-34,77,47477,723,99999,99999,26603,770,20111,669,FIN
328,Rick Hein,Canada,Male,M60-64,28,47519,724,99999,99999,26557,767,19730,648,FIN
606,Gregory Wallace,Canada,Male,M40-44,68,47591,725,99999,99999,25512,676,21579,760,FIN
1088,Michael Riegger,United States,Male,M25-29,61,47604,726,99999,99999,29429,919,17824,474,FIN
944,Norman Chu,Canada,Male,M40-44,69,47620,727,99999,99999,28309,875,18554,545,FIN
507,Dustin Shelton,United States,Male,M35-39,93,47656,728,99999,99999,25067,629,22089,794,FIN
872,Brennan Matharu,Canada,Male,M25-29,62,47659,729,99999,99999,25337,658,21816,777,FIN
759,Thomas Elliott,United States,Male,M45-49,62,47696,730,99999,99999,23295,406,23743,877,FIN
790,Vicki Heckman,United States,Female,F55-59,11,47749,731,99999,99999,25176,647,22046,790,FIN
338,Jennifer Mckinnon,Canada,Female,F40-44,25,47787,732,99999,99999,24959,618,22453,818,FIN
791,James Proctor,United States,Male,M55-59,42,47807,733,99999,99999,24192,530,23125,848,FIN
515,Carolina Lorenz,Canada,Female,F55-59,12,47807,734,99999,99999,28125,868,18979,582,FIN
676,Tim Hickson,Canada,Male,M30-34,78,47807,735,99999,99999,24257,544,22936,839,FIN
408,Katrin Szardenings,United States,Female,F60-64,6,47839,736,99999,99999,27802,845,19635,641,FIN
378,Danna Bucsis,Canada,Female,F35-39,20,47868,737,99999,99999,28596,883,18818,571,FIN
143,Gregory Ogilvie,United States,Male,M70-74,3,47874,738,99999,99999,25039,624,22192,801,FIN
710,Gordon Laqua,Canada,Male,M60-64,29,47889,739,99999,99999,25999,723,21535,759,FIN
273,Wendy Rockafellow Rockafellow,Canada,Female,F60-64,7,47899,740,99999,99999,26224,734,21219,750,FIN
717,Tim Sorensen,United States,Male,M55-59,43,47943,741,99999,99999,25104,637,21729,771,FIN
679,Gillian Mills,Canada,Female,F35-39,21,47972,742,99999,99999,26166,728,21361,752,FIN
332,Morrie Ripley,Canada,Male,M50-54,57,47999,743,99999,99999,25564,683,21739,772,FIN
393,Andrea Giles,United States,Female,F50-54,21,48054,744,99999,99999,27096,805,20212,673,FIN
803,Rosanne Drescher,Canada,Female,F60-64,8,48083,745,99999,99999,27927,855,19593,636,FIN
499,Mike Hetherington,Canada,Male,M50-54,58,48157,746,99999,99999,27785,843,19852,654,FIN
387,Laurent Matic,Canada,Male,M45-49,63,48173,747,99999,99999,26977,800,20426,692,FIN
997,Matt Harris,United States,Male,M40-44,70,48247,748,99999,99999,27558,833,20195,672,FIN
411,Wayne Young,Canada,Male,M50-54,59,48252,749,99999,99999,24683,596,23108,847,FIN
734,Isaac Ward,Canada,Male,M25-29,63,48281,750,99999,99999,25793,703,21995,787,FIN
351,Rick Bulley,Canada,Male,M35-39,94,48281,751,99999,99999,26827,791,20451,694,FIN
281,Donna Bartel,Canada,Female,F55-59,13,48293,752,99999,99999,25064,628,22523,821,FIN
362,Andrea Hick,Germany,Female,F60-64,9,48327,753,99999,99999,26764,785,21108,743,FIN
265,Tim Manning,Canada,Male,M40-44,71,48370,754,99999,99999,27029,802,20999,735,FIN
325,Jane Shumka,Canada,Female,F65-69,1,48371,755,99999,99999,27392,823,20500,696,FIN
129,Joseph Miketon,Canada,Male,M18-24,44,48372,756,99999,99999,28305,874,19386,615,FIN
994,Stephen Mclean,Canada,Male,M45-49,64,48375,757,99999,99999,25884,711,21947,785,FIN
591,Joel Emery,Canada,Male,M50-54,60,48416,758,99999,99999,24675,594,23284,855,FIN
287,Brandin Schultz,Canada,Male,M60-64,30,48416,759,99999,99999,24248,541,23220,852,FIN
1068,Patrick Kelly,Australia,Male,M25-29,64,48435,760,99999,99999,27850,852,19957,656,FIN
995,Oleg Galyuk,Canada,Male,M30-34,79,48450,761,99999,99999,28681,887,19178,596,FIN
833,Elianne Tieleman,Netherlands,Female,F40-44,26,48460,762,99999,99999,26879,795,21010,736,FIN
903,Brian Fancy,Canada,Male,M35-39,95,48603,763,99999,99999,28939,896,18995,583,FIN
1005,Benton Hennig,Canada,Male,M35-39,96,48623,764,99999,99999,26354,752,21948,786,FIN
527,John Kilburg,United States,Male,M30-34,80,48636,765,99999,99999,27828,849,20411,690,FIN
1015,Christina Bigrigg,Canada,Female,F30-34,21,48641,766,99999,99999,27920,854,19989,658,FIN
612,Austin Drummond,Canada,Male,M25-29,65,48674,767,99999,99999,27530,830,20543,701,FIN
1049,Brandon Hozack,United States,Male,M40-44,72,48680,768,99999,99999,26816,790,21492,757,FIN
316,Gord Clayholt,Canada,Male,M65-69,18,48684,769,99999,99999,23351,410,24769,908,FIN
651,Leland Smith,United States,Male,M40-44,73,48696,770,99999,99999,27319,817,20924,730,FIN
1001,Benjamin Arnold,United States,Male,M35-39,97,48712,771,99999,99999,27679,839,20393,688,FIN
1114,Lindsay Mingee,United States,Female,F40-44,27,48762,772,99999,99999,29774,927,17947,485,FIN
123,Chris Yerich,United States,Male,M45-49,65,48783,773,99999,99999,26489,761,21761,776,FIN
359,Daniel Eisdorfer,United States,Male,M30-34,81,48821,774,99999,99999,26299,739,22099,795,FIN
766,Rob Wright,United States,Male,M30-34,82,48832,775,99999,99999,26907,797,21436,755,FIN
289,Colin Carew,Canada,Male,M55-59,44,48841,776,99999,99999,25429,663,22923,838,FIN
981,William Brown,Canada,Male,M65-69,19,48947,777,99999,99999,26906,796,21074,741,FIN
863,Jordan Charette,Canada,Male,M30-34,83,49048,778,99999,99999,28359,876,20008,659,FIN
354,Matthew Olsen,Canada,Male,M18-24,45,49088,779,99999,99999,28009,860,20253,679,FIN
417,Fred Lambright,United States,Male,M50-54,61,49093,780,99999,99999,22991,368,25653,919,FIN
677,Rory Polson,Canada,Male,M70-74,4,49107,781,99999,99999,29782,928,18666,560,FIN
614,Alexander Coyne,United Kingdom,Male,M45-49,66,49119,782,99999,99999,27805,846,20678,708,FIN
856,Chad Isaac,Canada,Male,M45-49,67,49128,783,99999,99999,25128,643,23601,869,FIN
782,Teresa Coulthard,Canada,Female,F50-54,22,49244,784,99999,99999,28197,872,20714,712,FIN
708,Leon Glaz,Canada,Male,M45-49,68,49246,785,99999,99999,26538,765,22134,800,FIN
165,Stephanie Rivest,Canada,Female,F50-54,23,49272,786,99999,99999,24348,559,24555,904,FIN
1094,Alfonso Sanz,Canada,Male,M40-44,74,49276,787,99999,99999,25694,697,23040,843,FIN
358,Richard Abbing,Canada,Male,M55-59,45,49279,788,99999,99999,25106,638,23568,866,FIN
685,Julie Olson,United States,Female,F40-44,28,49300,789,99999,99999,26296,738,22360,816,FIN
1077,Victoria Chiu,Canada,Female,F25-29,16,49315,790,99999,99999,27569,835,20867,724,FIN
742,Jolene Hill,United States,Female,F40-44,29,49343,791,99999,99999,25230,651,23569,867,FIN
917,Katie Rogers,Canada,Female,F18-24,10,49386,792,99999,99999,27936,856,20758,716,FIN
1086,Andrew Duncan,Canada,Male,M40-44,75,49388,793,99999,99999,27010,801,21669,768,FIN
760,Hilary Haliburton,Canada,Female,F60-64,10,49396,794,99999,99999,25594,686,22964,840,FIN
1060,Jennifer Hostland,Canada,Female,F30-34,22,49428,795,99999,99999,27891,853,20859,722,FIN
452,Ethan Palmer,Canada,Male,M18-24,46,49436,796,99999,99999,28131,869,20604,705,FIN
901,Mervyn Leong,Canada,Male,M55-59,46,49454,797,99999,99999,27466,827,21449,756,FIN
298,Stephane Grondin,Canada,Male,M55-59,47,49465,798,99999,99999,25670,693,23255,853,FIN
597,Andrew Brzovic,Croatia,Male,M18-24,47,49471,799,99999,99999,28510,880,20329,683,FIN
344,Stefan Kuzminski,Canada,Male,M30-34,84,49481,800,99999,99999,28728,890,20063,664,FIN
682,Drew Van Polen,United States,Male,M25-29,66,49529,801,99999,99999,26368,753,22873,834,FIN
996,Mohammed Sharif Jallad,Jordan,Male,M30-34,85,49655,802,99999,99999,28043,862,21034,738,FIN
162,Laura Gagel,United States,Female,F55-59,14,49677,803,99999,99999,25176,648,24170,890,FIN
1037,George Taylor,United States,Male,M35-39,98,49777,804,99999,99999,27845,851,20921,729,FIN
773,Michael Kelly,Canada,Male,M55-59,48,49836,805,99999,99999,24881,612,24292,894,FIN
485,Adrian Lugasing,Philippines,Male,M45-49,69,49876,806,99999,99999,27943,857,20961,733,FIN
1004,Nicole Kielkowicz,Canada,Female,F30-34,23,49901,807,99999,99999,28650,885,20764,717,FIN
978,Thomas Carpinito,United States,Male,M40-44,76,49922,808,99999,99999,27648,838,21615,763,FIN
979,Elbert Evangelista,Canada,Male,M35-39,99,49958,809,99999,99999,25441,668,23902,881,FIN
368,Charles Adams,United States,Male,M55-59,49,49971,810,99999,99999,25992,721,23470,863,FIN
958,Ian Tuck,Canada,Male,M25-29,67,50001,811,99999,99999,27805,847,21708,770,FIN
548,Scott Stoneman,United States,Male,M55-59,50,50137,812,99999,99999,25670,694,24053,885,FIN
492,Brendan Charles,Canada,Male,M35-39,100,50191,813,99999,99999,29726,925,20089,667,FIN
217,Alexander Chung,United States,Male,M50-54,62,50192,814,99999,99999,25445,669,24149,889,FIN
1100,Shannon Kozak,Canada,Female,F40-44,30,50235,815,99999,99999,29024,905,20863,723,FIN
673,Neil Castonguay,Canada,Male,M30-34,86,50236,816,99999,99999,27374,820,22204,803,FIN
241,Jonathan Petkau,Canada,Male,M18-24,48,50264,817,99999,99999,26692,779,22913,837,FIN
312,Glen Crockett,Canada,Male,M60-64,31,50275,818,99999,99999,25681,695,23724,873,FIN
767,Stefanie Barnard,Canada,Female,F40-44,31,50369,819,99999,99999,29335,915,20548,702,FIN
1013,Katelyn Orlando,United States,Female,F30-34,24,50370,820,99999,99999,26921,798,23038,841,FIN
1011,Nathan Orlando,United States,Male,M30-34,87,50375,821,99999,99999,26926,799,23038,842,FIN
824,Adam Crain,United States,Male,M40-44,77,50392,822,99999,99999,26626,773,23164,849,FIN
904,Jeff Wisot,United States,Male,M60-64,32,50402,823,99999,99999,28567,882,21425,754,FIN
447,Ian Elm,Canada,Male,M45-49,70,50460,824,99999,99999,28944,897,20876,726,FIN
449,Amy Hooper,Canada,Female,F35-39,22,50466,825,99999,99999,28953,899,20876,727,FIN
450,Steve Matterson,Canada,Male,M65-69,20,50474,826,99999,99999,26271,736,23736,876,FIN
519,Duncan Selwood,Canada,Male,M50-54,63,50526,827,99999,99999,23802,472,26288,925,FIN
149,Felicia Long,Ireland,Female,F50-54,24,50561,828,99999,99999,26299,740,23723,872,FIN
955,Holger Andreas,Germany,Male,M50-54,64,50681,829,99999,99999,26599,769,23181,851,FIN
605,Mike Harrington,Canada,Male,M50-54,65,50692,830,99999,99999,26771,786,23395,860,FIN
558,Dale Hubble,Canada,Male,M50-54,66,50711,831,99999,99999,27273,814,22589,826,FIN
580,Danny Kerslake,Canada,Male,M55-59,51,50763,832,99999,99999,25450,670,24423,900,FIN
330,James Basha,Canada,Male,M50-54,67,50789,833,99999,99999,26509,762,23669,870,FIN
659,Jessica Rizkalla,Canada,Female,F30-34,25,50898,834,99999,99999,28029,861,22280,810,FIN
255,Kevin Martin,United States,Male,M30-34,88,50934,835,99999,99999,27568,834,22782,831,FIN
550,Matt Lukowich,Canada,Male,M40-44,78,50936,836,99999,99999,28405,878,21592,762,FIN
476,Marjo Laurinolli,Canada,Female,F50-54,25,50949,837,99999,99999,27385,821,23299,857,FIN
510,Manuel Enrique Zapata,Mexico,Male,M60-64,33,50977,838,99999,99999,25109,639,25200,915,FIN
497,Katie Crafts,United States,Female,F40-44,32,50984,839,99999,99999,27754,842,22437,817,FIN
395,Claudia Schiller,United States,Female,F60-64,11,51012,840,99999,99999,29737,926,20870,725,FIN
320,Edward Robison,United States,Male,M60-64,34,51024,841,99999,99999,26198,730,24496,902,FIN
457,Paul Linnerud,United States,Male,M55-59,52,51033,842,99999,99999,27730,841,22728,829,FIN
335,Wayne Ellis,Canada,Male,M40-44,79,51100,843,99999,99999,28430,879,22103,796,FIN
490,Alan Rauckhorst,United States,Male,M60-64,35,51186,844,99999,99999,29109,907,21624,764,FIN
733,Jeremy Hopwood,Canada,Male,M40-44,80,51208,845,99999,99999,26733,782,23968,882,FIN
922,Gyre Renwick,United States,Male,M45-49,71,51229,846,99999,99999,30462,940,20492,695,FIN
410,Dallas Janni,Canada,Male,M35-39,101,51259,847,99999,99999,29586,922,21125,744,FIN
285,Tammi Carter,Canada,Female,F45-49,26,51264,848,99999,99999,28061,864,22328,814,FIN
118,James Babiuk,United States,Male,M55-59,53,51364,849,99999,99999,25654,692,25012,913,FIN
701,Sohaib Sajid,United States,Male,M40-44,81,51578,850,99999,99999,28613,884,22107,797,FIN
121,Chris Edwards,Canada,Female,F30-34,26,51581,851,99999,99999,27467,828,23551,864,FIN
119,Kyle Gale,United States,Male,M35-39,102,51597,852,99999,99999,26272,737,24111,887,FIN
899,Angel Farias,Argentina,Male,M25-29,68,51634,853,99999,99999,27053,803,23900,880,FIN
640,Robbie Deane,Canada,Male,M35-39,103,51686,854,99999,99999,25612,690,25545,917,FIN
1098,Justin Revelstoke,United States,Male,M35-39,104,51703,855,99999,99999,26417,756,24400,899,FIN
396,Dan Neath,Canada,Male,M45-49,72,51740,856,99999,99999,26618,771,24487,901,FIN
1082,Ceejay Harris,United States,Male,M30-34,89,51760,857,99999,99999,30748,945,20577,704,FIN
655,Maverick Zimmermann,Canada,Male,M25-29,69,51775,858,99999,99999,28386,877,22839,833,FIN
577,Teagan Gahler,Canada,Female,F35-39,23,51783,859,99999,99999,29386,916,22131,799,FIN
336,Lee Smith,Canada,Male,M50-54,68,51806,860,99999,99999,27165,808,24323,895,FIN
634,Conrad Nixon,Canada,Male,M35-39,105,51838,861,99999,99999,28979,902,22276,809,FIN
956,Thomas Romary,United States,Male,M55-59,54,51911,862,99999,99999,27720,840,23092,846,FIN
1116,Farzad Felfelian,Iran,Male,M18-24,49,51916,863,99999,99999,30219,932,20925,731,FIN
1111,Mritunjay Kumar,United States,Male,M40-44,82,51950,864,99999,99999,28958,901,21873,781,FIN
695,Kyle Pockett,Canada,Male,M35-39,106,51971,865,99999,99999,29267,913,21909,783,FIN
251,Brian Cumberland,United States,Male,M50-54,69,52046,866,99999,99999,26021,724,25644,918,FIN
250,Brent Wildman,United States,Male,M70-74,5,52047,867,99999,99999,25372,661,26138,923,FIN
243,Shannon Wynn,United States,Female,F45-49,27,52082,868,99999,99999,28556,881,22614,827,FIN
307,Todd Werre,Canada,Male,M60-64,36,52152,869,99999,99999,28098,866,23400,861,FIN
1079,Doug Garner,United States,Male,M35-39,107,52287,870,99999,99999,29219,911,22694,828,FIN
167,Mendelf Billedo,Philippines,Male,M40-44,83,52305,871,99999,99999,27786,844,24112,888,FIN
615,Antonio Romero-Garcia,Spain,Male,M55-59,55,52324,872,99999,99999,27951,859,23592,868,FIN
741,Julie Evert,United States,Female,F30-34,27,52336,873,99999,99999,30733,944,21179,746,FIN
860,Steven Cassidy,Canada,Male,M50-54,70,52392,874,99999,99999,28957,900,22803,832,FIN
428,Christine Forner,Canada,Female,F55-59,15,52460,875,99999,99999,29221,912,22550,822,FIN
937,Andy Saunders,Canada,Male,M50-54,71,52470,876,99999,99999,25854,709,25848,921,FIN
559,Carmen Doyle,Canada,Female,F45-49,28,52568,877,99999,99999,30259,933,21504,758,FIN
427,Maureen Kromowirjo,Netherlands,Female,F50-54,26,52578,878,99999,99999,27838,850,24260,893,FIN
611,Hoby Shelton,United States,Male,M60-64,37,52685,879,99999,99999,27265,813,24808,909,FIN
839,Clifford Schomburg,United States,Male,M40-44,84,52685,880,99999,99999,26652,775,25262,916,FIN
646,Erin Creagh,Canada,Female,F40-44,33,52694,881,99999,99999,27395,825,24579,905,FIN
951,Doug Taylor,Canada,Male,M65-69,21,52730,882,99999,99999,28765,891,23295,856,FIN
664,Robert Hendricks,United States,Male,M55-59,56,52750,883,99999,99999,29046,906,23167,850,FIN
246,Alex Fraser,Canada,Male,M60-64,38,52837,884,99999,99999,28865,894,23350,858,FIN
293,Ray Haywood,Canada,Male,M70-74,6,52867,885,99999,99999,27208,811,24741,907,FIN
370,Lucy Mattu,Canada,Female,F60-64,12,52869,886,99999,99999,27284,815,24711,906,FIN
537,Gawain Bonell,Canada,Male,M35-39,108,52929,887,99999,99999,27348,819,24538,903,FIN
274,Owen Godin,Canada,Male,M18-24,50,52973,888,99999,99999,27546,831,24958,912,FIN
865,Clayton Torgersen,Canada,Male,M50-54,72,53058,889,99999,99999,30119,931,22283,811,FIN
377,Michele Coates,Canada,Female,F55-59,16,53060,890,99999,99999,30396,937,22210,804,FIN
286,Srikanth Desikachar,Canada,Male,M55-59,57,53095,891,99999,99999,29123,908,22903,836,FIN
513,Ali Azari-Boushehri,Canada,Male,M25-29,70,53136,892,99999,99999,29145,909,23566,865,FIN
675,Mariano Colicchio,Canada,Male,M30-34,90,53201,893,99999,99999,30394,936,22340,815,FIN
964,Izabela Szelest,Canada,Female,F40-44,34,53228,894,99999,99999,31128,949,21760,775,FIN
488,Kendra Low,Canada,Female,F45-49,29,53294,895,99999,99999,27393,824,25178,914,FIN
974,Jethro Lee,Canada,Male,M25-29,71,53322,896,99999,99999,29700,924,23281,854,FIN
862,Steve Bannerot,United States,Male,M55-59,58,53434,897,99999,99999,31162,950,21587,761,FIN
1031,John Schwab,United States,Male,M50-54,73,53528,898,99999,99999,28103,867,24902,911,FIN
277,Crystal Cox,United States,Female,F45-49,30,53576,899,99999,99999,30720,943,22271,808,FIN
768,Mark Moeckel,United States,Male,M40-44,85,53624,900,99999,99999,30308,934,22324,813,FIN
127,Randy Morton,Canada,Male,M45-49,73,53665,901,99999,99999,29017,904,24105,886,FIN
1106,Ann Graham,United States,Female,F35-39,24,53763,902,99999,99999,30971,946,22578,825,FIN
1084,Derek Brown,United States,Male,M35-39,109,53813,903,99999,99999,30429,938,23067,844,FIN
319,Sandy Gibson,Canada,Male,M50-54,74,53824,904,99999,99999,29387,917,23731,874,FIN
707,Barb Lafreniere,Canada,Female,F60-64,13,53978,905,99999,99999,30469,941,23067,845,FIN
864,Donn Macdougall,Canada,Male,M55-59,59,53991,906,99999,99999,31200,951,22258,806,FIN
705,Brenda Parnell,United States,Female,F60-64,14,54144,907,99999,99999,29456,920,23710,871,FIN
361,Beatrice Van Horne,United States,Female,F70-74,1,54167,908,99999,99999,29156,910,24352,897,FIN
853,Ferdinand Buencamino,Canada,Male,M55-59,60,54367,909,99999,99999,31526,954,22454,819,FIN
288,Charlene Pfeifer,United States,Female,F35-39,25,54432,910,99999,99999,27949,858,26101,922,FIN
641,Michael Kraskouskas,United States,Male,M50-54,75,54497,911,99999,99999,29389,918,24246,892,FIN
402,Gail Guptill,Canada,Female,F65-69,2,54500,912,99999,99999,31913,957,21745,773,FIN
593,Stephanie Gomes-Ortiz,Canada,Female,F25-29,17,54637,913,99999,99999,29513,921,24815,910,FIN
694,Angel Freed,United States,Female,F30-34,28,54861,914,99999,99999,30367,935,24200,891,FIN
600,Lauren Emery,Canada,Female,F18-24,11,54938,915,99999,99999,31706,956,22728,830,FIN
489,Gene Peters,United States,Male,M80-84,99999,54971,916,99999,99999,31986,958,22266,807,FIN
923,Robert Cormier,Canada,Male,M60-64,39,55048,917,99999,99999,30014,930,24397,898,FIN
668,Victoria Hendricks,United States,Female,F25-29,18,55192,918,99999,99999,30558,942,24341,896,FIN
314,Amber Sloane Kusmack,Canada,Female,F45-49,31,55336,919,99999,99999,30440,939,24001,883,FIN
283,Mark Foldi,Canada,Male,M40-44,86,55371,920,99999,99999,28698,888,25841,920,FIN
464,Carolyne Lemieux,Canada,Female,F40-44,35,55386,921,99999,99999,30978,947,23777,878,FIN
284,Norm Seidel,United States,Male,M50-54,76,55556,922,99999,99999,31029,948,23848,879,FIN
122,Joshua Wong,Canada,Male,M30-34,91,56841,923,99999,99999,29856,929,26285,924,FIN
